-- phpMyAdmin SQL Dump
-- version 4.7.4
-- https://www.phpmyadmin.net/
--
-- Host: 127.0.0.1
-- Generation Time: Mar 22, 2018 at 10:28 AM
-- Server version: 10.1.30-MariaDB
-- PHP Version: 7.2.1

SET SQL_MODE = "NO_AUTO_VALUE_ON_ZERO";
SET AUTOCOMMIT = 0;
START TRANSACTION;
SET time_zone = "+00:00";


/*!40101 SET @OLD_CHARACTER_SET_CLIENT=@@CHARACTER_SET_CLIENT */;
/*!40101 SET @OLD_CHARACTER_SET_RESULTS=@@CHARACTER_SET_RESULTS */;
/*!40101 SET @OLD_COLLATION_CONNECTION=@@COLLATION_CONNECTION */;
/*!40101 SET NAMES utf8mb4 */;

--
-- Database: `pallet_plus_cafe`
--

-- --------------------------------------------------------

--
-- Table structure for table `customer_table`
--

CREATE TABLE `customer_table` (
  `id` int(11) NOT NULL,
  `name` varchar(64) NOT NULL,
  `description` varchar(1024) NOT NULL,
  `archived` tinyint(1) NOT NULL
) ENGINE=InnoDB DEFAULT CHARSET=latin1;

--
-- Dumping data for table `customer_table`
--

INSERT INTO `customer_table` (`id`, `name`, `description`, `archived`) VALUES
(1, 'Alpha', 'Alpha', 1),
(2, 'Bravo', 'Bravo', 1),
(3, 'Charlie', 'Charlie', 1),
(4, 'Delta', 'Delta', 1),
(5, 'Echo', 'Echo', 1),
(6, 'Foxtrot', 'Foxtrot', 0),
(7, 'Golf', 'Golf', 0),
(8, 'Hotel', 'Hotel', 0),
(9, 'India', 'India', 0),
(10, 'Juliet', 'Juliet', 0),
(11, 'Kilo', 'Kilo', 0),
(12, 'Lima', 'Lima', 0),
(13, 'Mike', 'Mike', 0),
(14, 'November', 'November', 0);

-- --------------------------------------------------------

--
-- Table structure for table `customer_table_log`
--

CREATE TABLE `customer_table_log` (
  `id` int(11) NOT NULL,
  `createdDate` datetime NOT NULL,
  `modifiedDate` datetime NOT NULL,
  `modifiedBy` int(11) NOT NULL,
  `action` varchar(32) NOT NULL,
  `tableId` int(11) NOT NULL,
  `name` varchar(512) NOT NULL,
  `desciption` varchar(1024) NOT NULL,
  `archived` tinyint(1) NOT NULL
) ENGINE=InnoDB DEFAULT CHARSET=latin1;

-- --------------------------------------------------------

--
-- Table structure for table `images`
--

CREATE TABLE `images` (
  `id` int(11) NOT NULL,
  `name` varchar(512) NOT NULL,
  `description` varchar(1024) NOT NULL,
  `imageFile` longblob NOT NULL
) ENGINE=InnoDB DEFAULT CHARSET=latin1;

--
-- Dumping data for table `images`
--

INSERT INTO `images` (`id`, `name`, `description`, `imageFile`) VALUES
(18, '2018-03-22-spam-eg.jpg', '2018-03-22-spam-eg.jpg', 0xffd8ffe05c30104a4649465c300101015c30015c30015c305c30ffdb5c30435c3001010101010101010101010101010101010101010101010101010101010101010101010101010101010101010101010101010101010101010101010101010101ffdb5c30430101010101010101010101010101010101010101010101010101010101010101010101010101010101010101010101010101010101010101010101010101010101ffc05c3011085c30c85c30c803015c225c30021101031101ffc45c301f5c305c30010403010101015c305c305c305c305c305c305c305c3009050607085c30040a0302010bffc45c3035105c3002020201030401040103030403015c30020301040506110712135c300814215c2209152331321641421724250a33515234436171ffc45c301e015c300104030101015c305c305c305c305c305c305c305c305c300704050608020309015c300affc45c303e115c30020201030205020403050704035c305c3001020304110506125c302107135c22314114510823326115718133425291a1162425344362c172b1e1f00917d1ffda5c300c03015c30021103115c303f5c303dd8cb6575306430bb092657b4be26256c59769f688f1dddfcc3398e04b9fae79f488c4467afd829299a945674ebc97111368bb8a6c444c9470a671fc93dbf8ff51cf325a7b15e2c2d93b35c5ca5719789a2c57e3d81723f053c39fc398828832891922fa99818e257b1b5868505540e20c55e4633f0923329fe5329882ef929e6262399ed82fa898f4059b13ca6ab9cb45c3034e4fa84995c27c9639f70dface7fbc31d13e3025c221d7d3cfb2fd8671c8afec31d97bfb8ebc3199093aa6964915aa85359f125e4e655105c22d882e3e8e23bf9918e63fc664a7d3776b69d81ad4501fcf06bbac98213958a208e7b7f21e21f11d930473dbcfadcc93958fc92f21105f0d8b9af6cfefc633c1125cded889eee4a60a67ee0a60788e38f48b50bca4fca37886dbe453271ccaeb28a60206398921329ee98fca7b65c27eb89fa8e5f979c32546fd458a4840f50ae8148947bfa98617fcfbfd9640147163dd4a8233f2492388efdbdb3ff5c308efd3aa96445b5ab39531e324f6ccf3da71cf01d83013c4caca64488a79ed95c229fea23d7b55b9119fab4619db5af9c3ecc4c0c761549fe212989ed5fc9828faff32ec01edfaf4caa04142dda44976218b3c8acfbe607ebff5c30ca5ac60bba3c7225db1cfdf3c7744447a52c4836d25f92614adf66cc59aa113da70aabc7c60e7b67b7cc23c10f3f705c5c14ff5c30bfa429a849288625204e8e4ccb9fd02bf1f34671901c155070721b03b77eb698d50b363f2d97d0b9eede60047f2c160c463dbf6ead2639d0dadf847f32661abe7f1fcd7313022453f706133cc4471c7d7ff13ea62d5ac864b9b7ff5c30e995fc758f3c0cf03cbca4b8e7993e57ccf31c5c30c47df2515a30d9a9650af653c932d08290afc4a22c33b4203889fb254f7f70fe45c40cc7133ea7dd2a3e0aca873250a81784fd0c92dfc933819fbed5be6423888ff69e4bfbf440d32ef996ab02731796acdf1c8f0fc95c27f7085c5c7ec47efda25a8c0638dc8f766ca2fc94257cdeff5c307c955ff5ea65c7b3b6afc682897f946bc71ccfe05c5cf061f73f50be3ba798febebfbe7d28cd42123aab5b185112c502825864b389e7b0046799e6388e625c2799e7fdbd2361ce0b290c9ee84108d61982fc66c7025273fd4f740cf6774713311c73111eb9cef743eea3dfadcf74dd59e9247503fe8be9ba5f52b40c46a381d3e8d2fddb37d2cde73995c062f6ecbe75e4e72ede4ac16b7669a02085019075770477ae06477f5eaba44549ad2cccd6eeae995444aa14948da4f53bb24684c687ddb2fc7b0ec7ac742db1a8ee36d4934f10ff5c30c2f4c9755b6267c15ab0bc51b148d433cb89268d4f15c2f20588c8c998ea0f443a89b4ef16b2f83d4f2366ad8c7525cd963a951ae2c05c270cac4eeda417e033125023311dd1f97fb7a6563fdaa75c5c05f6cbfd1664ab5c2736a65599c01c8bbba15dbdbfb8774ff1c8b7ee6464be88b9f5ce47ea65ee43ddcfb6ebbd18d27a79ee8bad389bdb96ad99d9f73cbd5c5cebda555486e368e2293ad4e2195a97ee37ecdcac8f03abda97d31389f8ec90912b90f791ef0ad302fe57dd8fb817da96c35261d52d96acf9e660bf8c2b5b5263ee238578a55c5c7d76147d7a866b1a0ece4d4e45b7fc74da49dda610d9a0d02c96389703b48c42abe7b32fdb5c27be2e77823f840f17bc65d85537be81ad6cfd1f6fdb8ec2546d61f525b930a165ab1668e142b02c92c04a773c95948c77c770596f6e3d6ac294e4ed74e7665c22179f9a71f4d59488a73c808ffe3ecd822818ed644cf25c5cc7d0f05c5c7a8d2ce17215b257eb65b1b7a83d51f0a2ae4eb3aa58958c41592f0dd5a9bcb3be5c2278091e6267b638188e6d741fd46fddce89ecb3aebb86b1ee4bac4deb9d0eaa748b1bd34c965378bdb1bb1181c8b330eda3175f079a8bb8fc853c8d6ac95d81bd4db01101f15c5ca35f26f6f687ff5c30a873de4ef1d40d23a33eea3a73a3fb9bd376ecde375c5cb394c4eac8d4bab586fdd5eaa88c9eb790c5b231192bf8ff5c3034def8b62bd23b094b7f9867f13416f616d61412fd0d6ecd68a58e4b263d42049624f25e48dccf2c38787d51f32e8b20f2cabb1e249588ef3fc3df8c3b1efebb5751d274cd5d36eca62bb674ab72c65d12956d4647a915d8e3f3c475ac44ceab5c22ba90c006c67a3f554498d56219dd33419e52ee898865719ffb1228182e427998988e66495f8f33f51b19cf5c2229fcd085c59c6f6da8ed81995c221fa254c48c4943d6503dbf713cff5c305f5c5cfad68884648b28beff5c308972c371c44733e4f8ab368d5c271ccffc88e3871471f6c98e23889f5b37c62e5aaf4a7ec2266dd8999e665689e1213f53c4191713063da623f8f1fd7a0f852d05a8fd2d373f5c22120f25f28b28ad5c22b1c6573c9b90fd2ab9fd8077f4b46c300150ce064fa8ff5c306c1bb0c64e571f1fcfad9c4a03e2a1a3c30acf75c6344e5c27c8c67f2cf6ff5c305c5c78a0a3b223faec918e79f481b0a8dd671ec01920a90bb19485f6c0cd2f2c40a8a27fde0e60e44a60a0466266067e94a8b02915ca06c805239b15e7ee406bb6792ed2e07e96632063dc3db1da113113ebef1a04c4d8b4f5c49641c7321213103586096954f68c44ff5c3017f271c7e247c947d4c428f2c5aab0d321892b99406ef1c959d4b03dbb092501491fad59863b75e0710bc9303956ec8dd8720c5c30057ec554ff5c30983f6e95e05442243f425db2b2081fbefe084b80e7c705f5cf67fc638fbe4661ad9141646e31c890e7047135647b640ef1477b79e60b9115c7131cccccc8f1c7e7c7b45e9a556cd66994d9a0529af05c5c44d81794cd4e3ea04ff2995948cf74f6c4cfd7d429632b4d3a6a44904b0e4d8e2e395c226b0cbca53cfe253e429112e39fa88fe87ed4941a8797035c22ac6aa25b1db2f0c91b011478ed9e1614363b6420edeaeb5f98600646edea0a9ff723283cbf6c838c7efefdbbfbd7705c5c425e02430630651fe25c22c81fe5128ff72028382fea382e3fdfd2680af27919676c956c68f8d7205fc676c87b488478219f0ab818298fc4ca7ebd68becce1cec5282823bc5e4c604cfd93dd250699e0b9985972721fd76473cc7a5c5cc7d40a55949299230992733fa969997735a5feff5c30dfd44cff5c30c65c225c278fbe5543cee4d056907315b8bddcfe912ab8f263fb9c90b2b0f9013ef9eb17e30a1607018e213fe1538e47e49ce31dbb77f7cf6e9331ff5c30f8ec8dac5f3fc1664ed52ef889889328972a24bfca788f2cac67b023ba3fcbfaf9cc77587d7c5569f195b29279014cc2aaaca0984423c4f07030b0129fcbb8bebefeb36355aeca990a44b81c735d69e733c30970be640239e644a2247ea67ee78e3fbe730c5c279049661cbec7643b496b21819af5827b575f898e44bee4cf9ee9292fa8e2078cd03c72be963015cf99cb8fb55c22c4ca030f60b21e0bef90ff5c30b01d6b621c2d96624a8c118ffaa080a4127e300fb1ce0f7f9ebdac5551568478b844a8162b910edf140f60cc4f330323fe5c5c7fca78e39e23d67af7b30472524253ccfd4cc144444cccc489471ccc7111ccf1313cc48cf3eb3d39495e262335e27c5c30017049c76fe581dcff5c309e7d863a4cae4649ee58f25c27dbbf6ffc8cf5b966b2f3d94ba6f829a745675aac8f230560e23bcc63f2e6547f42713cc7dc414f1e94b1564db58a9bc8cee55c2225345c30b896af8985327fa19960c7dcfd48c973f725cc29d7abfb7d555c22048bb464dc4231046c2e08a6667f19e0a789fae7898fbfaf483720a8397982125c309194e402039034735c221639fa898af33c41948f03c7ff5c30d989dccb2576f398f177e66d11d8f0660ddbbf6f2ce157b761cbe09e929656c04f650a233fe1edec3b77ff5c303eb4f624cdb5861478efb93c58e63fc6b84771173302713c84c77c713cc4711c7ad1a4eeead15c5ce044e99fc6676c76f925503007c1c4c0790440c4bef9fb8ed8e667d295371da75bc81894838fc3488b8819aaa88e0bbb8998839e4f98e7ba66799e388949c844d3b88be7ff5c30b564a2a5c29191819ff2aecee8198110299514f13df05333313111ea29a8bf0637f982927189c92404aa4e237c63071264e73d837ce31d2d897962bb7c12e015f52c840e43233db03f6f61fb7491b3c9b06ba51125625be4295c5c7614d308eeb5f90f6f3e419202188882998e23f1e7d3c31966b4857947fec8ac0c20662456243102333f7ccc44713cff5c30bc4fdcf13e91b170172cddc91f3ccf754a91323230b5f12671fec5e499988fa899881e66799f5f152c0624ae546472a477dcad32305de971fe2a891e26241a44b9198ed1e638e3898961a3381725bc640d0da6648d88205c22439e12918ffad962c7dc9118f6e95c5ca0987c900738b24ff370a08cfec71f6cfb7c7526ea2ee7606d29212ad4a66f24065c223fee2c4f6b15cf3d93291e0e3fc607be06389e7d5a0c65c8ae08bb23dfe291029ee88895b7818191e788ec3ec9ec899819fea7ee7d557d752cad56a5eed99b48b3f36c0703dc4162061a1123fe710a9fe8bec647ea38f564b5c6a6eb6ad31e4d52b8b4d988e0382098508c4444cccf74b2639fae07fafee67ba1c8cb098890b3b957841243fe610d1a607626152caf938c9207c011bd5a345c2790c158d4ab9ff105fb77c776098eff5c301fb756070a3db556b889f30cf964e679fe6e20ca6799fb9ff847f71c7d7ae66ff51dda9982fd4a366d7ea470fea0fb63c06570a98fc66decfd38ac1d4ec22945335c27e675fe94b31c121106677e406782282e95f0160575fb67b8cd524899e3ff5c30db1f8017f73cc9c4c1f13fdc476ccf33ccf33ffaf0eab91e98759fa07eed75aacbb77ba4b92e9d51d8941f89ddc2e4f33b24a285a029fce9e4fe0e4b125c27db303fb95b494c930621ff5c307ad57b9a2698f0776aba9d6b67ee255ab6ab4401ff5c30b9ecf71f6ee7b67a25fe1afe86e789e36eea2abc776edfd7b6cd4e5fd98d4b50a85c27d2964c91e89351a95613f25a455f927a1c5fac56c8edbbae3d2dca62ebd8b3a563fa4c8555cee35c22d163df9dcdec4bb55b07b058864d0b0fc651c7dab586582c2da9b62db4d8d5ac20441baf662bb2f4e1ace390d6e0f2f8962b2583a19d5595e4ea8d535560c8298387c8c8991d0d8eb78efe0dea1b54dcb7144fa20ffa8760d0185f6b7bde07296b31ab65f15d4ec3fc9f97334a5c5c39cc2e4b4e726bf9a15037b480a76d70b4cb1330c1b0f28250c516e9feb4fdef70c0ea89cae0f04fcf5ef84bcc6c97bf6dc3512943acfc8c8df95ba6b23b552b89853089a6a508f2c8e2295efdcbc06af6e3823b97634b33430c9e7c71996252aa5f0aa5d23640e40c73041f61d76b3f0a7a5e9f17e1d28ecebf2dbab5749d475fd32fcc99af71068daedd0edc0a48eacb2459642accf8040ee3a90558b3b1ed6baddb7c6775e05695d56e8ae313a8db69c66f60667ab6cb62cdda8b5b56d9c7d20a2a45fed92ed0b0502dae403e6717b1bd7f13b27ba4f6994f0f84bb8ccc5c276bc65bcf59b2e22465af232f98ca56c963973c4d6a08c2c50c792a5c278758a4f7c91c36662096ec2ec774cb67c4ebf41f532990cfe4e9eeb99af94f9b5361d55c5cfa25531e58f65c27c38da142d544032d63dec7658aed538248d5649dbffd30b17b4f523de3f481f52adfb95f454e63397252365b8ad4b5ac4e3f29189aab7bd8d1a58c0cb64958bc656637bdd6ae7c74cb9e6650a37579a36e2ac71b854d5c22c47953de632fd429544c60b3198a8c903d20e7bb1e9bf7fcf08d13c66d5b52b713476741dcb72b473f04fa63fc116b524ce30eef0c35fca5cab9e4a789c63aec2aed449e39d5617c81ae60264b925c5c84c98b04f81e0a4c21911ccf771cf1e90b02f9b95c5caeb247cef3259f3f72b1abfc425c271cccf27232ce4a789ef1e63ea7d295eb10fa7556a2207e44be3c2c646640e6622c17e3c4c15c30c18c47111cc80cf6f3133a800146e9571ed845e583171f5f859a835c30c1118e7b0dabed6108c7f9795c2789fb9f501f250d8af35c22a88523585f88c00f2f784b1f90b965cfbe6424e3d8f0cf9b709109fcd693d3dbd8295e63fa90bdb1df07a49d90844a8144cae58f98b711da5c273408866c49c04cf0107db13cff5c30ca79fb9e5c27d3a7802158f69489c8c8c0cfe3f5dbd91f8c471c8c711131c4f1f5ff5c30dbd245708be776e1c7f0ba7e0ac6799eeae1dc0e6711f870c677cccf1ccc0f24453c73e756d455c7bc5d2476316ef8e423cc4b4799f8b23dbfe50d0210988ff1fbe7fa8f59d488c5626b1228486d0cc58f70b05c30b2023d94ccbebc7c63b67af5c178e3453de260aca3d8965fd5f3fa7b8fb60f73dba4ccab78cfd7b90a09ad8e804dd382fa5c273e2051323f51ff5c306dcf7c917e51043c4f74fdbb791928ed8fca0a191333fd471f7331fdccf3111dbf51c97f71c447a4b4571f84d5379265a0365be6239f9160a24a7ec78e565c5c0f331231c7231c447ad655d25636565dd3790c8c788cc11915993ec4b48667ec49322d8fca6247899e663d6dad17d13d89245c5c7d616b3c7ddc499016053f1f945081ef91f1d7af99822afabcbc47c8e3b29ee1b1f039641c7bf6f9edd696541b76d7ce4a899fb137c8988fa86d99fcac08cf1f98ad3223f8cf6f7197d471e9cd5acaeca956523dca7ad6407cc4840b5c220fb7f298e639398e5c27ff5c30aff5fdfaf2ad5d752b8575ff5c30240c76911476c38ca3f9488879ff5c30dc2fa9e63fa8fc663d2456b03883b945d15c30a5495ba1c4f32d591f0caf133031cc38f8ed89398898e7981e7d6eaf1fd15a334fe95bc14ced8c84b0a0f9473fe178c08bbf7674071dfaf89132a46bef100147fd98f563dc679658fc0eff5c30b6762f1fcebc18c88e12be2cdc282888f1c4ccad11133fdb0f9928e263b079989fbe7c2914e3ef3f1d23daab1056aa713f808cccf7a38999838ee1e65c223b66391fb8fee37f1a995249ae82f93688ac5ae4a3959176c00fd7d88a867b6062789fa88e3d6a6787bd35ad2993f22aba6c2a17c41b053f6f4cc7333124a899ec9fb99888829e6223d96198c47503ff5c3032b990285c5c135c5c9c18547b1f41e6c3eff7c0ebe2c8cde4fb47fa15bfba1d40c13fcd871c8fbe7edd6cdeb6aad49d6dff5c30e28133fa8e24e799ed8ed81e2667f001ff5c302e788e7d67a6f4daff5c3050585423f2c75680b16a622661f60bec11c0c0cf083182644f3c140c4c44ff5c3079ebd59afd901e8cd0795c302af9925c3044ac02f278c91de319e23db254fdfb63c2bc24ad9f30c9d8e10f65521480411d89233fc883ee7b4894b2936eab05a7c59aa509b811ccca9e131db303c440814441848fe33f61dbf713e90b3d72595d18e08e59911f0947f7c224bb5ec2ee89911801918898e3be7ff988f5ed915c5c50ba3945881577cc2b231dbf5223f49b65c47f97df1311130313113133ccc26d621c85fb3919111426269d3929e078ee997323ee60bb8a663bb89e24a23f18faf532d4677c3536c1999fcb7f7ef5c00ef37fe964f47feb6e3d8823a491a850241d954640c0c03d8051ed9c1233f38c9f8ebd71427550ec5b8a08a9088a5c2226061d5bb8a41a7ffda467ebf228ff5c301e5c27ba0623d6a6c063fb795798186dee13103cc90c18cf735c22063fb573dd13cc4ae7898fca7d2964132884df5c5cf7beacc1480f33df4e7986a2799988ec8e181dbf7cc4711ccfa4e588e4b2077561e5a955729adccc44130e08da5c5ccf1de6231e3ee2fed83303c471110ad6ac32576d357f5109142a4679576404b0f82615ca9c92410a4fdfa5f5017904e5b3c4ab39f9f30153c0ff5c30ea24153ee467b0233d7de120be026bcca859560eb303b484ff5c300e7b1a1dc5103e41fa2e62392feb9fc67d25e6e04eed3158cba6a306d5d18ee989a70c81359731f8c91941444c722425c47ff0af6cc31cf4deec1f0fe356dcc447e025f4974c4c4fd2a67c653ddc444ccfdf1eb571ec8b136720d8e0ee9942e3f298f8c0245c3033dbdbc448fe71123f9110c4c4f33e982bd80eb169cd215788a2b920025c2245528e3bf7ce151beedcbe074ade32a0ce7240c9fb8073c4ab0ed9600e57edd8fbfb4b18072e51cc141098c94cf7440c2e5c22648a6798e39092efed895c221e3ff8f52f74d4e462c8b3be1a6e125097e4454487fed062799fc2204e265c27fa99889fbf55a70b65cb2fd9a5bcb0de085c5cf0251fb79c9388a38899895ae0d2533db3325c5c44c7f8fab1f80b1f0fe1dc18804a446b3f91fc3e394f0928e6206256c88e66399982fbff5c3079f44bd1ac09a4af3f602b2059703f497e2ae30705993886c9fd208ee3dc46b508cf97242064360293f3c7bae7e30c01c9fe83ab0f876ae729547bf91911267d71c38204531303c0cc10c4fdf1ddc47131eb9f6ffd444bc28749d366cec6fc367ec6bbd3ab38fc2c31714b72a58ceaebeadaa649302365dc03b2e1944b56612aaf65c2d895b067d1f4d6a09ca27f102cb2d0b20333f80f8e645531db3dd3fc611cf231dd053dd1c713e85c30ff5c30ea3edeb11af7423a7b83bfa786c177a89e5d775ed9c594936348ca60b70d6766bb9091b033699532746b1e29eba643c59752f91f8173135d572da1c80855792f5364ce47a4c8915c30a4fb3373edec09c039ce3a9478152341e35786f246af2cb16ecd1dc2c6019088aed794b904f1088b192d9fee8edf3d7331b4f50adefbed1703afdc693b29edebaa3872a9e5927d7b1d3fea9d2b9adfcb0828214dcd7f3b88c2e245e33f58eb759505fcc5cd7506afc89f23545c22d1285c5c30a240e640b9188989829888e24663efef989f4f1e8dae36466cbd3e205b03a99a4ec5a6d24b1c4aaebda06b86c9a3d8e239837ab75d7f0a8ac3c44c95f60c10438a7d43d5dfb464f1aa4e133d670f8ecf62aa62f66c725be20c95746528e59356eae7b898aa990a4ab1e299597c9ae92e48608621d5eb244b3d58f8c7123c8ea5d8b009316908efdf05f9a28c5c30a38afb5c303aef8ed8b16368ea9ba6968da549a945ad5dd377769ba5d5912319d5e64835bf299b8aaaaea3059b72a673c27423e4f4f5889462598f0e6dd3b5910bd6695b54455f909a766955b4b01296059a2bbd70ab348a401ad16c0190fe25fbf4dbdceee2bdc97b53e8aea581c7ea7a4e5fa43b875c5c7a8b7a8879762ea9efe36ba99abd0c96dd96392b45ad68f4b1418ad1352aa35f0f8bb0792d86c22d66f265695c22557914633255d0b9a8ebe487f8e9e4684646abeb36bdcacfb0c5380a999541282583a45aab4cab69105e02359fff5c30d3c742d1b50ea9fb714e674ac99f5d47d95475a1bbf7ef97630f87e90f503a91d4cc2f4f3411d58c46846633b4b335375c5caec866db5c5cdba586ae08421c6dc6e8967d2efb38630c55601cdcf6556b910458d75c2705c09580c8c056524a9ec1dfc66d9d5c2742f0e6782ac6ad7350b3a950921aae01faa8f41b02c59bc99432a513369eced29942c9340b0a2be0f4706b9ffe66ed7e7b53596655e3b4b887ba44aef31ddfdae78ed9e608618523f7c71e1b1a581489d5cce6d7955f016bfb386c4cc3083829998858b2665c27bb891e67ff5c3099ddb492a48ab6f88f2577c32c8c44cc92ad944db83e7999e2644e7989fa0e62667faf6808bb9236fd4a290ca153c4141d87ae0dc63ffd7b575c22305111cf717313305ea351532d5a6a6066499c9460065c2249817590fee815947c865007c75c5c5732a09964ce56354c0f7c904291fd495c27afaa3098a55053c4a494b14f744c147e3c97771cccc41732445c5cfdf3ccc7f5e9b37c619b1d17077063eb1a6b5e88299175d6419518288ff214777e5ddc7250313fd7a59aec1c705facd95c228abff714c3b623caa7f110b1829fb807cc8c044c4f1c73dd1f7eb4f0588ca9e2f255f330b973f2576c24d33cc4a5d22dae5fd44f7a8f81122fb210e4a439e654bd37b30415e350af1159e50b9e4af5d804439f6598a9e43b725c5c67b13d62b318a42ecc595f310c9ee449ee47b9f4f11ed9ee4f4b71302d70777224603321103c7331cc7dccc4444f1fdfdc7dff5c30bc4fa6a4b45c27608b9d911460bf6d1ef2290664782ed744197d4284bc025313c4cfd97fb42b7cc68e321911339261fedf01f8f795b89f1c94cc73f848f2e3e6389fb882e278f5ec78847edb1444c8980132a6777e71623b9de68e264a089bf944f3f5fd4c4c47aca7ab25df2c4431f4fe5db39f62c30c90fb60332972467b71c119c75b205c221058f2f583102091d8f1e67bfce57d2df6c9cfbf5bc73d86124533e364c4cf1133133c71021103311f7db3333311113cc444cfa696688edddaefae026ac018d8b5211310d233982471db3dfe5c30287104c48f70976cf7733e95cb2b218b8b720337664aa4562ff28b833e0ecfbfae49bc947f94764ff8cc7dfadac6d41af586b343bd8e96badb08a608da713e5ff8f71476cf6444ccc4f11f5c5c4f1395bac35158e0887e5baacb2302be9743cebab1f8735c22e48f7007c6475b90ac04bb1ee0f9607f8830c391fb5c3071f63cbf6e9402c2ec0a58a31ed35498197f2476ccf306531c44114f0111311fd47113fdca7e52dc55ae3da2257dbcae9ac4648be4307b04a78ee8ec8129632678e067fafa199d7c59c21b6b1ad9e06994b6b417dc15664490f6c731c45c27821989ff5c300feb89e39f5f1544afdc9ca1ff5c30f8e9e558d1e263ba20bf9ac48f1c41997e3dfdd3f80f10331c0c632bcb3451429813cdc616054e63f2ff5c302e66231e951c70a7b6723af088d719c70ec5718ee48f49edf738cfc819e9170f5c5cb1366c6149bcc189deaee99e0ac1b044ac0f6f1c442e4bfb5c222fa91898eefa8cf5b7b05774a557ea09cddc61cbc0467bbbd3315c22d58fd0c4c12a679e78fc8788fb88f59e9b44d0695fee72433c88b86ae628cb2885b8e17f49c1562eb8edd87ef9eb7089edfe6f20ac4e1b18ee723bf7cfc63f618fdba7f67cead6a6c4b2c5706dcffb70063d2a8ee6cf12524d640c0c44c4c77c48c4c733cfd711f86e1a56b0a663331b56b98b2a03dc0ebb9ac6a05899999399ef7f1043f61c7f5c5c0f11c71f7c01e7fdc2fbd5da23bf33d51ea5588ee93896e72fd712e04a264214605dbc171c84c71cf6c4f13ea1fcc66baed9c6cce7f73daad99c4417ee3b0641bcf1f5db32db51de7cfd947df1cf3c7dccfa9a59a36aeda5b5fc4741aac8b8e26fc960f9470ec8dc60851989c36049c805c712093d17a2f05b5041e5dad55f893c9fe9f4e948e4a31d9a49bb763ed8efef9ebbedea3fbdbf6add35a375bb1f5a3465d9aa9338a7532e8b96498230305c30aac651327fd71cf311ff5c302e3d0dfdd7f5c2f68bd3bad6b19ae4ecdbf3d046758f1553e2d7336fe6c5c35d062030ce440e67881e4e23efd75c22753a69b866d92fb7709be4e0c89f65af29e65c279926114cf7c4733dd253f8cc4417d7a7f63ba0160e1457b2c99f20ccf6acc42466623f2ff7ff5c3029e7b6264a6638ff5c30fcf4c3a8681a0bd88aceb1b9d8f92ac89069759132ac543c6d2588ed31ce54860cac5c301dfef32d1bc1fd3a289a3b06f5ce5dc89664af1e7230f88406e39381ea2467e083d745d8effd40bd2ccfe53f68ce74736ec4e0ae302b59cc55c8d7b776b556b38636690919ba405c27bbb47ba638e45c2226623d1c7e8175afa7bd7fe9f6237de9be7abe6f0164457e6572bb559e0311f1af562ee656b28121062ce07ec664667fdb844abd2ad7f54445bb6c5be607ba4cc84b9388821199fbff5c3028e279e6603f2198e26224b47e963eeea8e83d7fc074754335305d50c064b0f6abc3486946df815164301954a8a214bb16e98d9a36a417dd6001667cc877cc4757d374ba765757dbe9ab58ab4e197f893da78668c548944a664fca8648cc64b48c3918f80662b939e946f4f0b74ca7b6e5b5a4af937e9a8b3e4096568a78870f3530e7b4a13ba9cfab89f93d75818d64c66432d011e2c690d029e38934b8a4ac362679e61444303c7df6f7f33f511ea5bddb7dc2f4e3a6db6ef19c5c222c56b981c8e6af2d331e43a18ca8cb96bc325db10c2523b4267fb29fb9f5076332f56a510435b1f9a4a5f13fd365fdc4e2fea63bff5c302febeb82e7fdf88980fdd16e6ccd7b72eb4ebca3ef356a377025d8652455b263155aff5c30c623f184dc5c302991fe84e2647ef85d1ee7aba6e9b60f9eab6ee559e5affa58ad93133b617e3110c283ee71ef923aacf169cd6ee575955be9e19ebac8ca595843cd43608ed904f7c8eddce3d8f4cff6cdfaff5c307b3eea5dd6e2777abb174cdb4ac36b57c96453193c5db426496a71b68c1b2bcb5c225c224e5a30311312333fed56ff5c305baf777ecb7dc6fb77d76868bd50c36fdb7ebf53673d5475d0bf65d86d9f60cae88cc723320b4c054ab9346372285badf6aabd8a9072c033183e2969ec33ac6c8ca55e5d5ab5705d772d84513f26b7fdbd9381fae426ca585053133313cffb447ab89edbf1f9ceaa2fae353155abddc6ea5d36bbd41cb5f3b6aaccc4d6d41591ca51bbc91c99a8f349c75579a665eb86a9f005013da44d5c5c6b74f4fe33cb1ddd313e82c9926acb1dac7d65460ab651b8862fc0ab18cb0ec147dcff5c30b67c3dd9da56f2dbbb9b49d4f50a8fa7eb5a6ce91c53878d83dcaf1b1cb2190ac8b29180d824fa7b103af2d132b91d73315b5c274bbebe470393c6e6f1a4c89e46de36ed7c85364410f1212eae92e08644d73fd18cfdbef7ec154d5faafbee0f1d3ff85b9974ee1ad1ac7b54cd5f7fa55f6fc1ca38e23c75a966029fe23020daa61111db23e995b965b2593eb46cd93acd45bc466f3599b962f4b35c22d9365992b09724f2d21906d5b52c16a0ef2fe43120a291404c2bd5b1eb9f4f324de95fb4deba53acd6e3b6be97e7ba6db1df4ae4949cb74afa8399d630c77da13c01bb0b96d771d5cddc194a14b9999ecf49449e60af65c796b6a8c52b28fd28d28af8524807fb47603901effbf5d6bd3b5b11eade1e6a0f5e5abcf5dd636658169446b6c5dd2535fa6d0b160258605d3acaa1f7f319a3193cc7559b328c9157a818bab42cb1b0741efb9e42b34aa9f84e6cd260354417b954a458cf32a41ed8341110b17d7c746f55a97fa8fed23adf80a11fe94daff49ef6dda7ce4508eea9635c27a2eddf0f218d9b0312b9b541c1921655e2487e198b3b217131c8a59b6a54575319e265aee950c0cf7978e3b99c4f77033db133113c7fbc7f7eba0bfd1bfadfd49dbb50deba4bbd6eb90ca74b7a018075ae9fe0b2934e2b6ab4ba8b97b595d8955aff5c308976dd8d65dc5d9b18ea571ed4624ede4574412ab4611a6f5e8aae81a8436392432fd1b0b00af0884131919e72c062ba2bb348ea5997d202e1885c223fc78ecdb77b6626edd06ca48745965abad69d62cc986adabd7d1e8d74d3618d1c0b82cd7a323258c09a09a5612f28a3473bd7dc1f12d17104b94cc2c08b8f29b07b163cc4fdf7c9713cc4f6f35c223111c7a8d73bd4ee9ef4b75e066f5b66171162a1bd3629c9d8b59575c5ccb3e38d0ab59b61b6dc8f1b542bf208d73ae56588968f359372f75678cdc35c27a7eb381c86cb430ba7e5325fea2d61d86ba18eccd1a0ebeaca6c191cd12b115e86112b5859c56203317db618569b606134a95c5c1b9bf6c74efdec655c5c7c6dd6c68e33cf967ee7996d97ddca659cdca642e50c2a5afc7e0e93597a42b821b72c64125c2793c8645a766535abc6e1f18ac2de8d369548e509146dfc5aec3e655b10be1a78ab550f04f0c8ae5c228c4d61632ca6454859199d79cbb13c06b9abbc4dbae69b4eaf3224eb4eaf94d6f892dea9e6632a439e289e5794ed990306c02ca5cf0bee73a4fb1e531d918c66df93c12be6290384a752fec367315511938a36f4ca390b1b663f0258cf35c3da6f63a9e36b9a4a6b32d366b26cc9581ebaf4eb303b2362c5bac8d770ff5c30bfa575321aaecd9ad930655c5cf209ca60305ae67ae5d8ad18c3af91b9632874538d495a1ca369328595802ad3af3b099dc666b1b375394c6b42fd7b550abacc99db30f0e6e55c5c8519165633acc4e4e8d9a64a2ef756f18abbadc86d1a865277cba9d2b67a19edae70aed7f2b98b9a564b198dc5b671d62dd62c76bf87d5efe273cc14b52bcd60319631799c45a2fdc94bb06c6fa15d8f1677fe9976ddc8b598dd6cfe74b0cd5e8244655c5c065487c8e7e5a4607058a6562e5d995b977286afe01ed587e9a9d6a97cab24712588243ce2e36218c9954ccbc8086569669d572150fa43155250d791d62ced9970c7ecdafe45788c1e233190f816bcf471d397a356cb2ed8caa16ec02e2aadeaa177b330c7a6cc9cf612a2580f13aac5c4c84770343b9471e325b567cf69a9b1cc344ffa8359104c71c4ff5c305e8501dbfdb2ba4746b391453346bd99b781da5c5c9bdae6576ec4d63379e67138e65c271d98d6875c22fbb569d4bea7645c270d66c0bc7bd921eac337af1d458cb640f5d9ad81d52f4d76e334ab95b13b0d3d517e2a6d5e1f019a9a152cfec78d355da342938ca9d7c4dd70551af764ee4cab6cfe24d74e8a51b9b4e4b48f6199a7d2c08edb3c8ac43475e52955ebd731989b36526679a308a424a440f707e1e751695c223a05fe48d58cbc3557480208bc84f2df8b3ccb3ca659254e313c021858b4caecaa6ce8a23f7f732626284b0e2b448cf8e72890987b065c220a26257f63311ccb465c27bb9e7973c844764847f7065ddccc7f8c47e3c44703dff5025c5c44c76f3c7a8ed1d66d12e6268d6c8e2ac482d7409fbbeb74ad268e0b60b22bb2ec4ed1a9db165ac7dac7a01e16ff5c306db394af7d517ee65c2258d4455992eddec0bd79166173f8acf56c5b3c16ad612d8d9af2f258b1012a380b0b3784f9162e58cb5c30a257262325e8f1b0bc45da3bc12cc7a5df45b898bb2d0b816b5c5c51346b2b797133b09e189721a485db8f06040efd03f726cedc9b7fca7d4f4e9e285b9451da48d9ea3f95e5a67ccf7898f253c2611b10c0f15c308cb136864cdaa4b4b0c193da378d73ccaf1a6c8869117113c994f68f325c27133323f8ff5c306f5c301582abf8390542860606048657c71041fd8911f1133c14f253331f9fdfa4ba58b97a6dbf203cb725dc4d8ec9ee42623f8123fdc77007d944cc7dc7d733ebd71125087507cf758a0e2aff5c30947dfc6fb34144c7d14c7f50513c7053cf3fef35ad5648ef4b6658b8aea1c9a1ce4792621c963efdb35c220e64e09241f907a8e4928f2d5c221dfc9c28f6f5023933123df04f1efec08f8ebed9e3ed64778fd84c325c2279e20a0bfb09981e5c225c278982ff5c30fd8fefd67a4bcb435ec5e36a110b2cf2769e31c45c22ac4cc9fe50435c224c82808fbfebf219e063d67a4d3f98d2b086b1b1c0f17605542be7bafa8f7c76ce3db3c4f71d7b1f65cb4be596390bc5cf6c85cfa41c64f7efdf1fb1e80aef3fa5d5ccb749ae074ef64bd92eb0614f256d28cba2b65c275c5cdc6a77b1c9c4d454cb1588bb15881746f2ef312fbeb67cf00ace06d7637e9c1d5c22c36151bbd3ea4e934ea6f787dded61f76c46d7aed39d9758fdac6b16331329c8d6b0caf49ea28ce94d58f0648ac2ce2c5da6b19f465fa53d63ff5c30a85a861b75d42d61325afe7a9dab0b932b1f2508790cd10965065aad5c22970b10e7176fc686415c3072b24cb4f7bd4e8d9cd337ca38c7d0ea953c7ffd99526c4c6e58757e53a7e7de23142f5eaca27c6b5758d17526b66ba1caa769d5879883c54ddd634adc3b3f73cb3f2bd6d1eb5c5c8d841734fb90d9067a33c717921a83ba86e198dabc8428e501645e8d4114c96dc858e2471c130e243c8950cf8751e90e0216285543875c270a7a08dfa98fb15c5cbf4ded6dbee3fa4f2b6ea39bb6cd8b72d528524a28e182d82db92d9f5c5c0a4b52918b8b4616731814d780c429cfc95071525da456045776dc911730e68f127132b389fb9e239188e62448a78880fb9ff2e788e63b96c46dbabf52f46cb68db9e1632583736ee36c09813bc95aca26b64b1976acc0ca9215ee32addaf1cc1859780f704c767233ee57f4faf70bd15ea6751f1dadf4db6fea174cb54ac9db311bf6a1aee5327831d1734cb2ec2d8b86b073d390c2290dc5ec14d6366d639f41b76cff5c30d8d945b65abfc3478975b5cad6b696fdbda7d5d6344fa71a65ed465ad00d5349e4b5921366674496d5598c29c0933d849e31c5d90b751cdd906aba4c704b0d79d7997597cb1946c00629a32bc89592324b2b042ae8c5432329152cb2bb0e5a2a6292bb990b17ad5c22a63e8d5037d9b976f585d6a752a570123b366d3daa42d2bee6318c81019298e6e074fba01d5ef6a7efdfda868fd5ac455c5c16dbb16d7d3cdbd54e95f5e461182da4afd7f8f6de9015a72548956e965294c9954b6b3499cc0f31a9fa73d1c6e5bde9fb64af969aa38fa7d4fc764e4af266d579665c271d95cad0ee5f061de57ea562aec31fe274ad87db10250667f54cd12c55fd4e3f4e4ea1f893f03615e6710db01c0ac9fa6e45f9d4c18c4c30a3e1e7a4a03ff802ed989f466f1137bd6dabe26e97e19d6a7562d3371786bbc370dbb6d9333dca5a6ea32d3a755bb24717934af4b63b9f304f1809852cc37d4355b96b6f5db6eecf5c22b1aca0723943257470575c273913fabb60609fd8194a5b2f8e9de871f91f8df22ca4cb9968891453210399e7c9dd131ffcf6ccf3303cfa8f7a9aa9b9a06c58b28032ceeb397a16ca497d9366cd373a9bb9ed121f064017d9ff5c302e2446789fbf4d4c46611b06d388a736a554ce65b9734c8c796a20a26b0774f30561d7496b5417d44b3998e17312edeaa03f5d485e2a6e6e17260da8ab4d986a5174f818a936c6644e494426a260acd9fcca81925c5c30e9d6a5e25514b8fa3bdc952ed7a6ad4ad0457af232bf9872e58e6768e311f96170cbc882797151453daba9cba58d756bff5c30c3fea4c1315c278bf2e2bc884c65d51ca9761d9323241ebf9f1f58abd8c1f593a8f86644aa71bb76616951497e152ed93c85711e624b801b6711c44cc4c171fd447a91bdbb6c3d41c7b7a8d88d1f35670f1b4e8f6358dc3e3829d192d26de5695acd63df0e1990acd2a7549ee4483a142691305bd93e96ff5c30504d44b44f759bdd600e2b65ca2e2d913c09369dbb58f648944cf74c0213e49fbfc8f8e67ea7d58efd3bfdaa75bbaa6cde7ab1afe8998b9d29a9a7f50748b9b6ac91145c276cbbaa34f178d1a95c2717f295517add21c85aa156c57c73dc81b0d06c404747efee5d363f0d34bdcba9dba152b5ed13459925bf2430c13db9d2b3c75c5c199d50cb34cb88d037362b85c91d9db606a32b6a552bf9325d1a6dc99258151e6fc9ad2e5652aaacc55c22e31b8210e59571dba49cf66c331be64f2a519a4ce5edd4bca4ecec4967e7cb46a435d9214d6a55c5cf6cb2d2d352b2ead7a8daf5d1dea48b0cf77417a565d6ff5c30d3234cc058af10effaf7d62e9461720c92f1d3c8f52b178fb3a5585c2228ec5aeaf58a9683c48cc14c9b83bb86444f38b6f3d7b2dbde3ede375c27b23ea1d5c2d1d82b6d36116b2afb787a5c302e4dd3196b5c2231d935154c5401f9158dae94dbe0a0d11d53fb17ceb43f4a6cf62f1f8679efb4ba8bbbeebd3f4d14abbf29734bdd75dddf0398b2d63c2b431fb0ebcbc1d7b2c355b34d01155c226bd73b0c649f50d0b40a556d6e5d4e8691a7369e912d8d42c0810d86453560569487799e7854465c30667ef85c5c7717e7c4fdd9abdbd81b68e8b4ed9b9a5f8bfb622a96606699df4f9b4c992f6a6a49055c2282b6a1696512105040c24ef9079e6cbe39aaab84c915585c30ce635393ae2c09824b81d62865e81c33f31763b314af53b0bfa20958c3263c9c7a21fed95bff5c304c7a35b0939f904653abd91c26773b561c95d49d0f591c9c69b50850d9b56273993bb99cee42bdb94a0b195b5c300d4b916ce4fd7dcbfb68da766f711d72e8a749300598cdeb9ee92e6474ea40635e8e33a5bee2714aeac6032391b83055f1fabea758acdac8de3e2bd7acdb0a594596a56d80b0f973c25c22e606a3d77abe1abd5c5c12fe2c9a51606bcbeac595acbf315df3615a98211602487b848a3e851be7511a850b1b6a2b91b5dafa938d4ebc322f9efa6c3397a1233215f2eadb578a455c270b60c4c155951b897fc56f10b4edd7b1f6bc30342d677052d1770ea15fcbe5c623035a849078ae4db855903a7f6623e202607441b41dcafd6b9af65c5ce8d5cad326d5cab753b5759430b9805ba3238b566d95c1b372ad47a685e0c731334efe471f594c052d2a6ada1d44d9f6eca6c785c8ec5941c867b377b178acb346be3e97fe3b0382f898cae58dc72d156bd5455a75a8ff5c30d8a612b25093e64da4c360eb791434135ded6561af2aae683225773216a158a8c3b878f1972033f88afbca67ea625d9b2edfaee59dabea38fe9a862b3da955c9e773dd4d6e53f71cc6c039f7fedd89c0e3a90254bc3ebb4914ec645b56c7c8b8ecb5787a9b036cf8050d3d12fb48b511c7932f9af88d4450a233063c99392f9a5138421a5769175c302ab1eab3b5a8abd9827487948ef1c1e62f10d141dfbbb160c00f4e70b9c8c1233d3cf157f201088a8dc77cfb7688cc2f2dd650e808191268567d779d733ec83543821899305c30191128baf97df731d4ccde4771d93f634e7724bc4d5b1575fc616275fc7d1c6d1a989a18dc350658bd629e2e822880565d9bb66c14411bdc4e61488e7d5b6e65dcc6569ae88d63c3b82aa1ed96f75c5c6ac96f9fe52fc47b24845c27811126076aa27b43b6cce999d7dbc5a89872a112306d8821ee4d9132055770114103a53124d26f066712501da41e87bba349bb1c4f07048d5de199c05c30962a8c620ce06582acae788c2f5c225b19030e92c95e69e1b9c23366082586298390eb14ef0c930196e38630467915c80a71ee736e286b590b5a606dd6e503afdddc339a026dd5b40bca54cf61301432ef795540c925562a64d4756c4c338752735a24bf14b1ff5c3096de32193562ae75172b4720fa55696099b062b4ec3e06dbb1351a2a4dacb55d71280cf656b579631d725216ee2c5c229d61088544544c76c55f12acee48ec33cddb2fb7486dd824dab75ebc573c8228f9ce9fcb651af5156daa485e6d742966f6ad40b073e5f66a7b26a77f18845abb7ecb9b8f14e26bd9bce4648282ed2ec1a807bebd44774135e510aed98829e0c624716f4e983475eb453269f69a926a424655492580892493f482b1825c5ca80c182966c9ce42015c30958cd64c525e865b628d88e158e6a75ad7a444b8690332a61599b292f156e18c66d66c1bdd7c65ecae9787d9356df3422c660b0f87dbe86a3fe9dd9f2b8ec264f299ec51de7957ab7efd3af6362b18f6a738bb592a738e4a1169f5658e950e9cecb97d79942d5aac1acd2cb7fa811adec17eb12b0bb1e2eb3fb6f63731df4ed2f3380ad9dad569bcaac2b2baf5db66ec7dbaa24c57a1fda36dd93d9746f95c30b62363c4b2d61b2352ec9298acb625d29720dac882064b3b2140d8897431513fe533166746bf9dd8ba61ad6c5b66dd93b15f1f96d8f5ad0b52a7796fa986caff5c30aaeb86ef6b64515108c0e272b2a658c5559b2fb592cba9ed2b14d2bab409c27a76ab6a57f5316e4a17b4ef24d06ad6a484d392ac89354885947faa684528de185c275924b478c0a2465c5cf4c9a868f423d360d224af0cf5ef5968754964acaf3dab1621f55d5af04494dac35811d89bcd8a3aa95c309e441e62c31b1524453cd6b9af6dd846c59c1ed18e4df518ad9ce3b280528cbeb77192c707ee984bcb7567085879127c0e93fcce61ad9d28c33979615992d83f12c887d9364b8f8fc89774cf6b7e8b9988edeee2799e3d437d1fd9d46cb9e2763f178ac2e2f1f4f65c5c7d8756c3525c22c559a181c76d58aaafb82197cb646a5a7c6cd569a42f8d9a94b36a0b4a75a184947b9fe886d392b949bb963aa0d226544a2d33b05d67b8a0ed0b0a201aa0388f0323b80860581f443337dbc36f12a96f4d9d4dad5ba94f70d41043209a758d6c4c8984be8f2f5c30cb3491585981662b2c6cb27ebc0a2fbdf675cdafb8add786b589a8bcb34918589a46ad1c8dc8549bcb0ca5a149232b2ae1268d9248d789ea7aa98d94265d68a4af5bee6d83898e7efec2bc4cc44402e0a381fafbfb9e263eb3d35f5deabf4ff60a49653dbf0571e8ff5c30b7398c8223bcd6130331125133cc7f445c5c0f74f313f5eb3d17e947565ad0bc135592368d086f350924852dc9849ea6e59cb1ee704fdba1ecd20591848f5c22364657c99063f4e35c30fc63dbf6c7cf5c5c38fb13fd4377ff5c306b5b762f0f9d2cdeebd2abb6d08b7a6d6b906ca2db4f058bb0f54c19e69363e67f6c592c996386d321b0720eecaf4cddfa7bd53d0f17bd6be766de2339de4c5b64c3238cbe0502da3769b0c0f1191c73826b3aa3496556d0394732cef81e24ff5c304e4d4b55cff5c6371dbdca651e9b62c7398dc71782c7ccce64ac4e5c228dd629d0c5427102cb16864d67ff5c30913c6cc4090c17ae9870db365ba34f3ea474f176366d26fa6721b4ea15c825305724597b3b8454c341af4c5c225c272d8e39588d8e6cd585bda72da37f8b2da5b62def1ac9a069ada56e534d5c27d46fc5feef43569e56e515295387971db11fe67d613f9ad22c6e19fbf5d0adaa65d42824b62ec8b2bc8c34de25a32f1a3b095c2279b254092421a30c090c3b96257abd97308cd17737668304bbbafecd7e8bf23768f61b69e66c29758b2ed088952b1f701699c83d5244192973ac4786c8b42cb636718cac6d585c22b26ead958c79edad59a6b91531c1cf02b79cf85c5c715c2230a709976ca67d41fa0f52756ead6a988ce6032096e273f457650644a895444cd77d7810262d2d535729259ad040d1625e813820f5b398b59dd5ad06169d2b197c5de5b1cfb75e01854540a717c734c909b41fd8535589ed25595f808096efaa37a8416a69853b2b256d46be6194333c658c2403cb2c3d71f11c4f6e4704a9c81d3ddb865d5041527c56bf065651248e167890a82cc245e01d719015b9360760323aa1590fd3ff5c30a09d20f7838df75c5cd6c69fafd4a79abd73a6f44518fd6cba97954463ea6cd8d62e1434b116695acbe472185191ad67609ab6eaf82b0d9ac7677dc2f46b40f705b17486e5af995372e937cbea5f4bf25c22f234d66e482d6ab98c5d809020b38bcbd1b0a3b43262d535146ca18015640e96fbc3dd3ad9b56cfa474e359d5b60de3157ad51ca86170342d3aee7b0b8ba566cdf3b76450e1a6cad33597e37b9448624641a66c802b01edb746eb6f4f363a3b97535b669e9397a49d6f0fa96c9766d6dbaab6d92add73bc8436dd0554732a062982b7cb546c07b5c2202cf6497f55bdbaed695b6b786b7bd9ad6b5a4ede9f46d0a096f07b674711daaa9a7f6769a4696b5dbb0ce5c274904f03b2493725c3075f5ada7a4d7d2a7169e1fac9926b52d10c3c9bc65e19f29564cc329284b5c30abdd7d18f7e9b990e95eff5c30432935f197f10e63806d5695e5958eca28a93d44baf146f85737db17889c45337a247b4984b82f53cf4efa9993ddc2d74f362d17297edd66cd4cbf9aa35b486657fcbe4676ad355aa10f2cc9b21b0440d5cff8b3d4a19ac0ea55add9bdb879762b68b36723506e4d4a78d4035c5c562ab08a0658c1f148894abc0244a35da1e0023d566eb87bb5d5353c4646e6373f8a550c1d67c153c57c7aab7b96b005ad5e07ae6f9d5641fc8039e4d6333f7064230d824d4774182956d1dae5bfcbfa7b90a4b01ad609400f28b996e4319cf96030c8385c2738ededb88a8ba769d5a4b5a3ced24af06a59fa3a96e750125a728e538ec1a2925c27c43296e4dc402dd0c5f759fa2f33dcafb86c7ed4ceb7e0f55d3ede52dbcf058dc0dfd8fa80ec6e522835f8a49836aebf55b52dd5b52acaddb0f4a95681f6681b52d438ced4d23a23ec1bdafe174bd57195f17a7f4db5834d58ef5baee52f2d6cbb92cde75c5cb057ee59dcd6565b7b2d789602fbb6254b4a50a4d70d7f69daeec1775f9eb0f50d590c76c3b451efd7b5ac907c51c160d910ff5c30dc588319757bfb07622fd84b960fa5482ad5742984e88d5dbf123d7dea661f07937d4c868da2dc5e4f3d567b1f432d94acef2e2f15784a2049751f5e3276913dc1dcaa806326431ea43ba7c44de1bb1343d95bb770cb7b66ec2f29a4a14a0af5e0967ac86131b490c71fd6d94e4d5eb58b0f288cb93004f867d2b65ed8db9b8b503a6c5e4d6ab21b3aede85e5592d4e8449f4759cbb3c5024a8a8a9132aca465b983d0a8f6effa6c68bee73a84af73bd5bd36ef4db5dcde6adec71d2cae92c3d7ea32ef362e86c9b4564302e6b95eee41d6fcf4b12ca53b3d15d5b8d46256564b257efdfdf5a751e84f41aa7497dbfe170f5bab5b4d4a1a274b34ad470749cea12c592c9d8ed72a2a03e363716ab4f050a2603b185c7312c152f783ef4fa79edc358ba3fbbd34e4c54342b4a8fca5f24a240934ebae48ee5c32fa4ac40e7f97ba47f2f545ff4f1d6b7febbf5373def3baa569b43156a361d3fa77ac5ec7d6b8eb159adaa96e7e3356819631e2b04beadf562fe24de737f6db4fb14aab147388ad6e3dde957c4cf112e5e87606d5c278d76bed89e79648751b5103fc3f478639f06e79cc38dfbd2f9b27d38e0f224090c68ff5c307ecea5652bde70562accf6b47d19e69a1a82590c60d8b4620ccac213952558b32855232cc48d74efa59a86a1a437abcdc5e5358ea9eebed83a25a27521db25f8b171199e9a74869e0ed535c8933e21dccb20ae66d8d265937a2ad66182aa2ab872e1a3663116b2192b23756e65bbd86b253362bb6ba92134ab7044467f817c77849f6c7e24c540f773c96bfd493dc76f39acb63bdb5c27460c433db4fcac7eed96a79185bb018ac8ad70b5a49733623219e4b86aa58b02626acda21fc894502d7a9bd04e887477a09d52a2ac563b63eb12d188af8fdbf5dc8ec7af57e9be66d4e303f6cc3fc5208db32998bb475c2736832ad2c360a9bb256eb547db4d6691c7c2b4bda836abbaf7a6a120d77c4ad4b4d9b4dd3e8578e56a1a55594d0ab2ceb23c5c228e9f0ab451d5858093e9a0fcb0e788e9aadcda8e99a2dad4e21e655d32a218aadcb5399fe8e0474ad5694c62959d6bd76644f3f0b90b12be4616d461e8a9f5abd8aa612c07987011e48f20426448e0ce0a3c52515c222c2e0bb448bba24a21d5f205590f9be11b21fb66212461da0d8a8bb365cd63d6033e499f3c90c0c4c0ac5911021d85210470bef83a73a7e0b71c5dadcc754c9560c8e26735465917ea347f84c8eca25ecad6540129f96e165b158591380950930715efa3dcb698f01cee36a656cad76ab959ca55b55dcc0632cb2b8b16a98036528b32a436260cab0244c64d7de667ff5c30f50ea7aa2ceda2ee1dbfabc685e1e31dcf266520fe62b060b87428a19724295c27dc8e8236bc6aa55c5cc6750d335c5cd39245f43d9d3de48c31f2ca5c279b0484e0827bf944e319e233d1cab8a15dbbb631368aa9d9c8dfb26159ade48ac643c2b7c47694b1300b8830101e0cc6462483b4577a7f98c8e36cec06d15d94e57356de326d790f6d28fdbab36081c4320d4d380624083b7b858c2921ed20b5aefea19b9e21cfc8e7ba7965c8fdb9c8a5e07cb10bb5f19a1488c8e20c9716485aded288628607b3bb89990ba7ff5c30a97e5c2715890c3e534acfe3a509aca0ba85aeeabb12bf192c10b1f249147732489a3c4b4a172c93e2115ff07b787d24a9fc2a2bc4792ac61b35a56651c9bd38939131fa4761edd883df0b6af8e9b6d9a285ef8afcf81516639e25032010eee802e7b609c76fbe720dceb3b2518a0546f4b8a72b9a1af342cf91b64977adc53640dd2834aeba17678a706c2081ae20721e6ee0977db3759af695b5f52359b95d193496f1971c6b9af88bd8ec5aae785b8e60991a8eac02d3655c2201c098784021635c275c30d6e7ea5bd25b13a9d55d2d995e1da03239b73a9102eae2e9626d156352beec32c1e68aa0ca4406050b7c892fb51e45de9e7bf2e8ad3dc959d7e7729588b2f92cbdfbeca17d2d62a659602bd6135773ad5879aa266c37c4d50bcdad91829380eabe0c6e9b1a6ea50dcdb5a8f977ab99510562489a09d84655a320c7fd883c7ddc30feeb7797e99e2bed8b66c2bebba6c723288d0fd482af21515c2218d9f8af12bd98e4f7071ee31d1fe52c74ab64bd99dab1f6bfd3d6df9ca55378c4463d566a5bcc2f2d86c1d4ca9f8dc87d5f9777338ba16ed5069b6ea980c3ab0ea8fb235c22e31982d4735d504e15582b7976952a7b4601b8bf8d623f76d514363216e88ada58ec9bc5839ec55dacfb254af50a44c6f27656c02187fd413dbc5daf146f6ed8eae790c82b357ecc99a46bb86c46416a63c9246bbb46d0093414893f915d6b52a5ab029b19d18f7c7d04c96e7bee6f25d59d71b8fcae61356b1d9cc34edbf17535fc6e34ad5845b5859701e4576ac2e645842a91549aa665601cd6fc5c22dd5a5d396c45a36e88a6a314442cd5649a0b0c96eb1895385767cc6be67e5c5caccdc23c97e04a97ea9bff5c3046d444d45f52d2edc1638c6aa9660f39d98d6551da7e785c222918c8813d2e8b8ce4b172d6dc9d8efc55a6ca206aab93ca095995939655aab6ca89335c27dc8bd63b5c5c34c2392931508fe4d8590e5f70298575937f742aba675c279a2cd4a2824ebd65ce7ab54cb3bc0a6c0cca8df66c1970120b6190a66520072af6bdd0f45271a71d3eea4ea14764b5b0eb82dcd5dbd56de3998aad9da96b63b2d5bda20d7d6c2a6db29026601971e10d218592bd323dc0754756ea16c9ac6c5a9ecd1b1d19d17058abb6ab70cc7d0bd8cca6c0b0c763ae8c08e4e8aa8ba93ab5a1f20242c452e784429487676dbd6f46b168d8ab72a53b70b7e4ddaf240ef3d37afe5b1e712ac6a63b76843c652d208a7668d02a3ba0dd3720d49694b14914d62366883a15631c6d13b488fc18ab798f144016f5290ab9391d308331628c84d763ea8808f6921ad4b3988febb96433fe63c4cf7774904c77713cc67a8f1f958fa2264107e43cff5c3053fd4f31c9777ff6fee23b63999fff5c309eb3d1465c27b51a5c2223cca1554714795c301eddb01be338ff5c303f9f6829d2e324b18109241f52038fd3f7f8f63fd0fc74293a5fd1cc874ff60c76d14769ba390aaa2131a695d7a37aab3b7e563b20b22ee7d0b0b8906a4bf2ee95b2241a951c7479ed977bd6b56d131d9ad9cb117232e58d661706d2b570ed333eaaef5e28658cfaaf4aa7e7646b2a13456376e593994478c37235e65bf057a6a6dcbece0429a2ab9ac299fa89ec5ff24f113de7fed051da531cf1ea7ee8fe97d551ea1683475db092cea3395d5ab6b390c91d975bb56d2cacfa49c456971aabdaaafb0bb30e9afe3a6cb15c272a09398326b3e11789bf88b49abed4db3b8f73dca31cd3d9b1a468f3cd1415a1533016b5382114f4e85244cbcf6a545862e4c5801d496f7881e1a78510c0fbb77168bb7ea4b21fa4ada9ea71c762d4f2858f853a52cc6d5a79c158c7d242ed8605701b975d0960b21d31bd7259ab6113aae42c5c22b5e4633096eae1ab65e2c40f97e5d48a418ffcd4b5c272825c2767b4845e242b12991b70ea26a78ac7639c0e751cae3a5b30bcbdb59159acb0e2e507bb9845a1b0b08906490f0f4a4f889938f42f3aa5d73cbf48f7fb5a8750b114b11b574fb171532d7b0165d63090bbd562e53bea3052ef52c7457906858b897a47f9c65eb58c4cd84e91755b4aea5d5450db2a53cee233eb94d8aee88733c0511048b0b3fcfcd615dad4be412e4a7825f131cfaa09bdfc28dd7b2f529a0ddda2eafa7d8d32611dcab6d5ded42486718925ff5c309982c5629621943b25881925819a3756e8bda05adbdbd346d3f74e85763d474f6884d5cd3b7f551bb365258b992c7cc4e03cc8240b3452129228208eadde83b4e6301b0547329b2eea9b12aa863f2d6e9f156bdcbaebb73196176115e3b71b680c2815b58b6ba04ab39e129ef7053bf769ee577ee9c751305a7637a69bceddb267ee56b54f1baeebd96cf158a317abd726522c1d3bab5fc39264dcb0d212597c7602fb18b32bb5d10d9b0faef6f4c2f6c677b318f107d13b4b1aedc86bd0f3af88bf8f962c41e87211f1ad2d40654df5ad572614ac4c654b17d631918b25f183e6b85971465116105c22315c5cc260605c220f9fb2589761c10970d89121bd3d4b4fd13719b5aa6dd8f57ab1d55c22085ac4b4c5b4957152c8912098a2a93ce48d633e6152a9c5c1c302ea8b06b36277d2f9e2115b122905d53f2d25e05c302197bf2551dc712067dc60fba7d37af7d76e81e22b74d6ae5344dbc33752ae529ee5799a854bf87bde4ad90ab98b7601995c304e24e032c885533664a10fad5c5c5adb092f50ff5c30b06fd33778a5bbe2fabfeebb2988dad1a86458dd5b48c6bb2396d572399a4e6856d8f28595a74536b1d45a30dc46366a390eb3e2c85f7d885c30ae656f15ac4f5576e13b57df3a9612c2592950017ef990a64e51d2ef6f5c2738e1742a2ecf6111b503585a296383d4bbbf6db8fd1f0576a40ae924107e248c8842d2a18386c4ae44ff5c3090e3b2171f894c4940cf776fa7c3e2aee3d276ed9d8bb720a1a736b13589ac5a82ab9d668d5baa04952bea72f194a18f215d6359e14242c8ac54aa8d475dbf0c30681a5d89d2dda8184d0c2c62829c738466ecca2592765c3072627ca897030493d439ee7baa588e9ae0031587ec9cd66d8bc66329a225ac97599e21610313e30133975d730c96b5790da5c0cc48c2eaf7bb8d7bdacf4a19abe31d5f2dbee55190c8e4b274ec0159cb662fb5acb2e4c7777902ec1b52a6176aaba920afc667b7d333ddcfb88afa386536ad91f5832b62bdea183a36096cb98fa76004a595566c818bf70bc0b776477a513e19998f31173f195afee8bdccee76335af6b4bca5a7b4d586c2d8cbd79b88a42c0553a298642d46e1960811c4c4779447d014949cbc19f042a6aba643a8ee5b756a6dfa53476f54b3a9581043a9d94556820f31c82d562e59999cb0c9e4cdf3d2e820a7a06991453416f5398fe732578e4984d6145c30924bc492628490c39960ce18f7e247444bdb6f4513ef37a88ddcfacf99cdec371562ce4aaebb4ed8ce1355c5b5bf9bef9f06e8bb61a30a092947c87142c4c962622537dc87b86d67db3744eb6b7d3ea58cc33f1eb4ea3aae114d8acb631b55b5ead5c7d648458b17167162fdb92992ec558c8359c8f733dfa53d2fd0fd87fb65eeda33b4c768b9834e7ba9bb95b28aea9b435259905d587c8c231b8ee5d8ec4aa1904c109389636d97755c5cb9ee97a653edd366ea365b400c7f5273fb4ec78ed0b39b5e5c229b73bb0e33349af5b5abb8255f413b5ed771f8d03b1946e37c03952acd953eeb5a762bcc76e6d8dc3e3ef8abb736c6d5d2351dc5b65b77e99b4f6a68b5315b4cb36ecd815fcd406368a2a30a06b372c7972c91e9e8f62565e48cb1af1137fe91b2769ea9bcb5e68a1a1a45696fc91b4cb1bb882bb4a55c228fde4766531a05182e541c0c0eab7fb45c5c766b66f723ad1efa561bb86dcbc8f51add7cbd3b55b257b53c663af3599eaabb95946583f90a4d0a764666b38e149aed6f8cb834a5ecf7a5db8d4aff5c3023138f7624ed7eece4d9ac9b9f2320f118b246251da67db0b44da6991fc719aca052ca47d04ffd397dd0ef1b97ba5b7a4f5370d7e8ebedd076fd6b53d972942f08adb8e6e39b4b129cbda12a9f16ed18b57a951a8c5d5967e35c5c185ddeba032ea4617a47d15db373d932698ababd5c5cf652dbda5d88ad571a0c90694c07020aad599667882929eeed03ed815c220fe2f7c3eb1e1078c916c6d9faeebbab450e8da1c556fdbdb9a86d46d42ed8b77aa588e86977d8ce6854b307d2d6b80ba4fc0bc64f63d097c2df12b51f13364ffb59ade9f474296d4f722b9a5e9db8696e2ab5a947c26af24b6ea471c304af5275f369c9ca481d5d5d816c08d7a95d35d2158cbd433f6f1218bc3633e5de4369a02b63b1d5e175d6e723c72aab5571e142d8dec54178d41c4f67a0afbb5efd3bb3195d9cf3d9dd492ac15ea35a6c062ad9dbcbdbb6fb496370d468533bd94a94269b9991b9516ea74942a735a2ab08ee127bf7be8f717d72eaceff5c30bbe477cdb75c5cd1369bd7d58dd429651d4709575596b71b8e5df7560ad61ac7e32c9badb4e563721e6a04a950233fb8806df2a166b62864e95c5c6d98257c9586629fedf6ebaeab150c5a29a2bb69ac7e543c554e5d1255ac77cc8c976b781dab6d58236dc1bb7505b962186578f43b4f02d299e28a49e39ac4cb5c22cd6048cd1b48a8c9d98f265c301e8716fc4ca7abcb341a669f5d2b43348b1cb723622c5c22c842c89144ade85c27d41cfbafdbdc4edefd76bf62bd38d32862fa1792bfd49dff5c3060c559b94ede071d5d5d3fc3391795482ae56e586065db6daa9b16605435a532a58baaf6d806c50ce87f527dbb6d394c06bbd59c2e734c45a70d4ccedb88af4b3787a8cee058db9a420ac9aabb5861fc60bba4928ee6b05112cf4a5d59e96e5c27a8d6eb6635eb97aa4d20ad397ad2566de1b18cc82e9afc6b21b59075c736ff5c309a2cda525c3089976a4401d7608fa6eea1d01caab2d81a4cc6daa118fcbcd0dca9d90840e0ebdd6d23c2ed19e0a769b76f69f6521f31adc4cda3b7115c5c607c4f9aeeb27b5f40db74b67350b3aeeb925e8ccd34fa9dcd45975382791663191221103c71aae113ca7466c33a9e615c30675fd5b5fb5b8d6d2d1a53c27c9486bc312c956589194b6571fa8e4f2c90546063b13d12dd57a05ec9e2aedbb2e335ceb2f51ebe12e2ea55cb63b57c1ebf8d53ff5c306afdd202de2b2d76e676fa5f58ea9d1c86352aacd2b6b9e0bc6c18695c5ceb77b16d3ba7b946663a3dd50c1f526c55cb62b52d4e30189ce61721b0d260a565736843316a8a3461b5139c4d3aedcfe12fda40bf12ea4c5db63e51be53e9d64f5ed071586a394d5321a2e3768b5b50dcb79fc5a3336b26dd4f1e978dcb141f8bc4fc6ad95a584c45a46620d97431965edc71d96518e7dc7748f56cdeed4b3189c8fc4ad7c73776abf12bc7b2bba865ee64afd7b396632c83eed7af471969572e565d6d9cb2b55c303216ede28e941c0748d3b4d9f578d3766adb9a5a93086f69ee358b48f3431011a433415a3e118b1e891e348e26390a8e84317986a6faacba615d02be9f1c9935ac28ab02859321e5e0ec8c42c6159125ef9407db3dab7ebdd2cde3387ade5737434fccbf2163199e9b71471d82c76bdaa2303f131b893f82b5a95c279582a914ee5943d8e9aa77a42dfc8b4bb073fda67b1de807bc3c7acf21a5e1759dcba5a78cc1ec34d38aac36b67c6da5335c22accdeaadee1b372a9d86e0e3294842b5ea78fc7bc160e869486ecd7b97e896bd80c8e9ba85ea9671985a18dc6d3c8370936afe5f238fc19575020e21a38d2cc596dba34b3926c8a68036d3f90ef850d95ba61facd5ae86e5b5fdb34de9dd34ed039c0c765a9a2cb55415a12f2d61d142c8a9c0590ce53a4f9a1899b8caf283a65c2791378b16328fc53dabe2a6f1dbb6a5d9b5eee91b80cb3ae973a5a4a39ae0a9437159c0e16a1cc391eb84f1705f3d21da77f676ddbf0c77ae53b081637b05a06963fa9957cb6442230b8864cc8e57d4416390a303ac6d3ff48df651ad569beee8d6a19bc92c4e14ccfe0b1f76ac0cabe8cb1e69f870d22e5c27bc55da2044b11882f41afdc852d575eeb9752f58d1f0f8dd7757d5b629d6f1985c5c2d6ad47198d9c163b1f8fbaaab429c0d4a4965e4da7055480444320e5c307ca733d0bfb6ff5c30789a07bcde8feadd70e95850a9afec9429636ee36951fdbdb8acbe38e68649792c64d87952c9b2cac996d30d94fc8920af3e11199e5ebab3b2b729d5deb0ec177c67fea6eab6fd9a5a9125fc15ec6c775556b894b1be58453ac886be6461ae23ed52d70b1f543bc275df56f7a6fad337aee1d6357b3b6a48f4e5adabd9bbce3b4f71d262b4ee9592bb2ad79037991ab2f2e23d2cbcad0e8f5a168e9d8af4ab410de863b3ceaac12a240c88d137d44038491c88eb5c22306e3c41cfa90f1d775bb3ccf2713111303e41ee5c2208fae23ffacf77fb4f1fff5c3078e399cf4cdfde69c409f7bbc731c40b572521233223c4473cf303ccc90fd73113cc7dfacf560fe8c8ff5c30a6c7d8f7fe87d8fb771dc1ee3e7f695c27d2e7bf6fe8b91f1dc1ce08246463b1ed8ec7a8cf2bd76c8d97ce3356a34f52c20cc40a71c3337ed8f331e5ca655c5c4772e1b22624fc8d148c4c8c2e20a78e8bbf4adf6b5c27ae6a173dc7f52f1766cf51b7ac64afa798fb6888b1a8e9b643c879b843863e2e636d5077a0a00595300b588c81e45e0405fd9ef41eb7516eed3d6ddef1e33d0fe8855a39fdced5d4dcfdab3b996d8ad384d45ada40db4da66e62b2fb57ede0766bebc93aa12bb794a931d3674ef39a3f50f48d7f2bb0e733797bd671346ea2bd9c9dba9811ae495d9557c5eb75594b0f471d504a178e4371b2f5d55a61ad2989f5de2fff5c3020bf8e5f0ebf099b4b44f033c3fd9ac350d674e49f5aa1b3ea55d234dd5c27495ff90d32d5c81102c9a8b40f2dc8605b130a2902caab15d6e5c7bfc37fe1d774f8d5abdef14b766bb349528defa48756d7a7b5abea3775595c309eccf1c123bb94af1cf198da468904b26228dd635f2e97fea77d2dc46ebb2f49fa9fd2dbb95c5cbf52de594d0764c6ea18d76c14b35a92689da4bf37769a9f4aa37036ec92a9858996e45175c848a8697986a46bfd36eb7f40b0388dab1fabd8d8f4e762db98d875fc4cdcb99dd409d914ad48b58c8ac26ebbe219c85c5cab8a2b4bad8f5c27b25d0f41d59351632fa42109a71649cd74953ad0aec83b46253095575a8615ddc2ff5c30165c30887e5c223c14c44fa88f7bdb2e6b3b562345c6d30bb9dc860b3db257c17eee34af6471553b295c5c6d753d5c308b65599687c88459f914a4956ca50b62985f9d2f163f15bbd7c77dc7a7dedc1b5f4882ad0d1d34a8b4f556e5fc0e87d5da0b35f6892c4af54db98a5bb324a2bc4915752b5e08d57b23e0bf86fb77c24d02d685a2dcb56febf549f56d426becb0c57ed4cb0c4de456590c7594c7021511aa334cd34d2e66949e8786c1ee2bfd478ad536fc7d83c26cbaed55e6748c8aaed49bf768e597e7f8b3207e3b584bcf020b58bb9040bbf4202c8d3b02a78587e94f527dd9fbae7eaf998c6eb9d1ce8d529b34f60d850bb998dcfaa57e94856c950d702c1850d2f5c2b6962f259e9a176fdc1b0fa383b504257abd4ee8a7b1fd837aebbecfbbf5068bb40e8d86dd9aaffe8fd85c5c552fee1b315e8c891eab5e8430e35c5c5c309b459cca61bc58bcb38934b1d690e0c9b47a10d6b454e3e953c5e3646ad1a34d4ba88ad5c2a565254b84a9356b2e0bc435ff5c30194c0c802c2060042678815c2788bb87676d18aad1d12ae99ac6a3251f362bb7a316e1dbd15d04cb52052d257b57231273492413c3524713c012666e042d7b54d334b954c62192d2485e3948761003c5b8065c5c92158853cfb11907b13d47b5edeb5d2ec65c22daa5951f015c22aa74ac1cb1b6cc4381aea0ef26991047916a039838efe2608e7d547de364ebd75ab72b98ac16a76750d5702f62d5b76eeb750465324b350f9f1f83ace6e5f2f569769b29bcd3468d9b212c2be10b5491017e9f88a55c2775e9accb0a748931830d2111597dcb9d2e6ac6424a1c08219889185c229e39885c2778df35bd231395ce662cd1c2e0b1d52c6472193b8c8ab4ebd35198f9a45692b2c6d96c822b54ae97d9b969eaa74d36ac9a9641fdad68ddd44ae95a436b9ad5c75ab4da48e596459a468ce2b411ab79f27ab001c246ac5c5ca854ea354b52a93bcb2a5792cde6186b6e4655588f4aaa664e1ea0abf2fec9dfaadf4bd9468b772b92ea367f57d87acfbad8a9152fe7764d75db263b14162b1aece375ad6e8d1b7afe0c6e79265932ac8e65e8628599121e5c226be7e975fa56fb90d5321b8f5a7ae9d3bb9d236ddcee5d3d34d67a85911c66470ba84e4ef02f37734da917f3b572d90a5e08a557235e932ae301325e06dd6141a1e997bc4e97f47fd956e7ee2b0353615e814db0f0d8b3752c50bdb26f37ac3b0d141b875de62318c1b74ebe171b82a976e36b1cd78cce466fdf6f8a98fba2f7ff5c30d4cda34ff6641a49ff5c30d241f78fb5e5f69b5572635b23b2e8dd5c30c1524e373799ca5c22a1735c279dc6dcca59c7ec0a4aead6b01376a10f15087b05e1afe176a699b02db78a7bc75c5cbb6f72e8fa1dbd576ee96d5ea2e8d5ab4b298f44a3a9936120af68cf5e1bbe4c35dc08e5485c27fd731af3af78b7e27eb1abdcd2f696dca7a5e93a4eafad68a3706b6ee51ed699a74da95f592897551351a952794a4ab346be64624559658430ff5c30fd487ac7d38d2b6a9e9883f1fbed9c166307598193a757295a768b77a8bb1269d7edcd9c5532c5910e56964731fbb32a5c229dbbc91aaeac7234391fa777be0f755ff4efa914a343d6f48d8f18ace609db96ecda178ebe75ecb15ecdcc154c7e4728901c38639483b3c3ac20fed694b121110dcc2af39d66ce6efd551b9877750baf1b3efb84d7f2ef8b3985eab52b5c5cc0e8b1b0793cac554c16aa565d8ca5c42f2592d8e1d6b85526c8f479d30ebe6b6fd57070174282129a152b02c6168ab45002a1ae988eff5c308b295c308888584c9f6cc4c76c4444fbc009f43f0477affb57b274ba151f457bf0edc8af4735da5a64d67841625a692bc826996057492e396798caea7d088a5c30de3135cddda145b6f5bd5ed6af35e8eb4bac5d87c8891e140b32538a058c430577b1966f2914bac28ac5d3dc0cfbe3fd34baff5c30ed43db056eb4657a9fa4dd665c27a99d3bc54874f2fec8ad870194cd5fbf5b0bb0af5c277a963eaaa9e33308a6b6b2447965babc8904489463d35f777bcfbb1f68bd65e8b7541aeabbc23397353ccec5ab44cd5c5c96366853ca866aea0ec12f19196a617cefb7bc71b3db6652aaeb9942fa10f755b8eb5d61e8b752ba3591da8ab6b9bd74a3a9795c5cb15a08f92d8c360db4351af8d064199b1fbee475ccb99014b40308bed2196cf3c196eceea7f4eb66dcb585e4b31a7e5b2d847e07a818dc53e6955c5cb05c30789b49b25c304bb54ad0ba4abdb414159ad6bcab7405a6a9933f1d375dcfc47ef08b5bdd77b4997766830e89fc2b52868d7aafa643a44f1590b1415b8b981e3b32a48f2e44968c5e692501110f0aabd6f08341974ed1aadc3a1ea92ea3fc474f79f925c9750ae563964660aad2c4f0c63b053e4b38ef8e9b373abd6b4acf6d1824d3a5b36b87f370d86c9f85152dba922c042f24b360bd04db44a029702947c2e216d1e5b26993ee2f6cacfa37f0b42962f275a6f4587159b5769bd5690a5579af44e1114d8820f2b787d84da2050b17d9f201f34e9badea196d1b14ccd2f59ba3586bd2586554cfdcb111446d9de0ad15dbda68caaad89b9e693729b552aad5a20173ea05eb2ea78bc4657196b118fab8bc6dda90c10a568ad41ad5ff5c306a30d9ff5c30055a5c2754b04c915c5c47958c59804aa163f69e741bf75a8cfa4992d2a48b24f360c563cb5546768fdb94aa79fb11cb383d26b716af4e9c76d6d15acc15e34574e712cac182120642a3371ee403c4923bf4d3c7f56779c766f179b3cd332058bb916958eba94162dd12c2636bd8aa952a0936058c432448582b281038805c5c0d94a7ef1f3b5f6ec2ec997c559ccab188ad8b940dcad8fbd6b5caefad75581b96268bd76e92884e9a1cf635c4aaea70a6a13484a04d6fa6cacf6badc81c0d47a1990b0565b6fc23346bd786891d7b1dbe462481d3055c5ca4df5c22a42966d72c67c5baf16afb0af59dcf08d55dc7924d036d135c5c7234a42bde44049088bc1d59c9219892995d919e4e0a172ed6a9eddd45e6af2518679618de29638d565c27f2c32310863c071c8ab1cf755c272463df5e8ebac358adf4d79ab99e68cd79a690081acbb0440e5bf4964e6abedc8721ee466caef3eee4f70cb6cd6f4bd632382cae6ad3a715680b19497431f72dcdbbb52f54c5810bfc2c65865624585d6ef731515d4879aa214ea2f523aa5b599e5f6acbdea391bd8d8c35abb4cee269e5eaca900dace5f9188ad64e9315374aa4575c278ca46c4f2d5c5cc4c5d3ea3d11c40e4321bb3f2daf8d6ad63b5180aa194bb7a0c6c02f138f1b3731caaefb6f240ddb6fb35669d5f91629a4a4175dbbdb9dfd1578ba6c465e86f3a8eb984a597c6e39f84b98cc6d0caec15aa15fc20e1dad465aee431999559ab9bcbd7c9d8a764030764ad29065410cf4d74ca36fc9a1a1ba88e4c3cb3c0d2b3b0f2582579e40d1803f24856e2a832dfdce8c577c3abf068b62d6adbb2a25a8a89b4952bd911a2aab3bc8b384615c27e925791efc9b18258755a74ad4f43b88caceef99ce61ec54ac9b55abd2ad4d970966d5a4bfedecb245d2d831724e4eb256a591b1e32c528d97be69cbd66d563a16d993c3db9b07432a55caba2da14ee126b594c9433b060ac259c1a9922123d9d8472974db56cf6e7d4fc0aaa63e9b66eb868fc5ca18d6aa04c442900216a503766b3cd450f6f703accacdc21063eae67b9cf6f48d674bc0ded780efe2a9de662e5f4892fa2c60d359b1ea268c3eb795d5d8fa04c29b9608882d0ac483b5df50dc1534ad7349d367b8d2d8d6090b5d994c11288948c3801861978f61eac37b741f8f4d3a86917e7a3413cbd25d79dd0d28b32c65fd5c5ca1eeac48604f60548e5c27dc8eae9fe825ef6ad741371ea77497717e4ddd36dc3037b6ac1b975ace451afeeb8bc7bfbd62a477ca179c25d180480ae1d6545d932d79f3336572219bb505d46c558d733793516451b5e3e91aaa591b31166cb767c202d7e0f035c7f23234fb490a951dc112fc201af4432bd58e85debdd69e98e4ede36350b38e9d871ed8aeea97f5f75c5c10615ec635c439bc2d5b1151974e6b1863d372b64aa5b43972d130bd20f7b08ea3e0770cddfb9a9decd67b1b52bdfd4b65a7f07f6adb5e0c2c56c7194041f8b03396ad4b1bb13e8fc7266bf297ddad671d4f294ca0028d4d87beb7aee9adb136c6fedb3e2355d074adf3a16ab108e4373438acc74f54d3355ac61d4b41d5a182e8996fd595eacecadfc49248884e8a1a213b9766e8295f796abb37746cc36e7d0356a5608e756d4c9e650bfa6595974fd634a942792f4ae45e62a420559eb4bf9a5733786bfae18badad36a9d9ecf8398c6bc2ee2edfe3cc1d5b69ee50b080a0a6bbbc76460a0a5531c4ce7aa0bae6dbff5c30483a98597d5c22ae3f31d3dcbe5f3b432fa95ec85fcb63f0f86a98fad4d68c6cdc610daaf93cc57bd356d0ddc9369d4a98a3a76fb0a6433d1cb6d7e00f5ef13eb5bdd1b4b5a8361edfb3740d2f41df916a967594a92d3a56e29e3bda669290dfa2e6d3475edbd5a724be5b3794ea52676fbdf8d9d3f647d2685b936c5c5cde5ac41553eb759d9b674ea9a5bcc92bc0f1495351b2f2d5b4be4f992c314f62055913849dcaaf6cdd2af6e1a374b7db9dce82e1aa76e8f93d672daae6864867359cb5b0a18bcf6cb91b1004a6e73256485fdad4b2a574856c6f88a8aa1530174cbdb775734ca986a56776d521187c7fed1653019f7c5e45692554c84abe5c225c229b668a52b6d6acc3ae873ec4209aa50724ecb4746c4d0a231f12016cf9f0d3ed835c22822881254afba0a3ec991d843c430660625c2251aceab38365a6c7f32aa5793aa7c11170b1900287444f77e51de266505c5c77188c1487314f1a7c3edb9e2eeb0baaef582ceada87993cf25afaa921b121b120693cd950fe68e4cecab8ca163c70a3a15ec6de7b9f6069d3e9bb7acc1568cef148f5da1496259a38fca12c495c221f29ca61599402dc549cf15c5c0e2c9f4eb78e92ed557a9bbc6dbae5ae9eeb6372fe794b8ca0a706ab061e2cc653297aa8d5a98ca6c985e4720c0456a21e1b560ea501b96073dc2f58f5ac1ea163a9faee670a8dad9431587c2666cd5ab6ede1319b1e7b15f3cd46c4396436d5f16c2d3c9e3adcc56b5613612b199b91b5b716bc5656a67eb26f52c9e3ae50cae3323586e55bd8dc82e1190a16907fc0dad72abd8bb48744f9547207125c5cfa0ffd64e91ea29e9ba3dbef49f3b62a6ef6f3b4773e9b74ff5c3077b036f379bd0ea6c2a7ed7ae6a79bb5285e7303af5697dad6f08bb0bdc30488b1ac32a66b1591c15fa74d3c46fc2b6db92de9faded2966a47478505dd1e679274d534f4911acc30b10f235a31162b1112c760298e4882619ed0f855e3bddbd65c22d3b76b3599a4b1188adc35e18a2af4dd7362c5a6421638eb481649e59060c2e5f31f924cd76742ebfb367c2dc45c22959466e9653058b9758a898babc6650e99adc18fb3610df0cd633633bc17fc9e5b3fb678aaad0642eaed618e42b21609bc32a8878a067c80052121da70331133202a267d8cf717f53db3010f4fce6530bd31a5d69dbaa153d53a69989add5fa588d232594deb5fc7e33235be165f25a0e699ab6d785c5c65b93a195c5c465a53355f56eda78d9652ec73aeefb6bf72fa7fbade9d75072dd1e8c2e5b7fd5c22d5189c1f5332d8ea78e853d77720a80d74a2ca5a99a35862c662cb6fe1aad87f68dd435130bac95bf07bbff7feab569c1a456dada330b162cded61d815810c408a7a7c6a2f58322a79d091124415c892452ac01777a7883b7eae997355af1d8d56ad1b6ba75b7d3a36356b5c5cb4f12c30dcb8e560af192cacf20278c72a380e08cdcfd6d59ceacedadd5b5c5c68a714b26bb6ada6c22d3f11ac85b49caab5a6d6f8f5ae649c01254f188beb61b57dd65d51110c24ff5c30705fa7a7467dc56ae8c4e3badb6ab50d15d5cf157b1d6f0f7dbb3edb7f1f45a25b5ba5c1407e5555923094f10937e188cff6d80ae9be392151ed17dee7bb1ea9fb91bd57aabd1bce6b9d255d1b9ac67f19d37d6b62c2eadaae6271ac565c22bcdec95dfdb6d1675f66c66b5c27e3b69cde481c97625abc7d414aeed74cbda452d17dee6cfd6fdb368cee5c27a3a3aadfcb6b3a7bf676dbc8ddcb2b1daf506a255dcfca65318b754bb96561f1681c9e1c9ff0dd95b352fde517427c01fc2ff87de1369d15c8ea8dddb82f48952dee0bf51288d363e3e6aff0d8434ed4eb3b2b1695ac35a7f4ac920550bd03b7a6f7de1a66be6abee5a9b2e4d2f6faeb9a155dbd347af1d56f48780a172ec0638ff88bd79380531257452648915b0dd5a1ebdfb163ea07b52e9d7b3dff5c305b9e83d1ce9c56c7ec595bd8c95ddbd9c76132b90c8ebbac675c22eb04e695bcc645efb5929371aed08e555367254f1ab01b3efe7aa7edfbdbde839cc5f4c30781ea37583a13a9e8fd15c0c59ac3713d29abb658c5ea1a668cf6091b69e2369b993c8e68ead482b56b1f848b842514d67e9574febbf5bfafff5c30a916cd572d1d54c0fb56e97dbdcb6bb7a73a9fc74ef18bd3aadab7d3ea5b381bedd4cc2b21b9572ad823c35db753138cae14ada95930c8baa8a9f7b5ac677dba74fb6ad57aab7f1163dcbfb99eb9ecbd77ada9632fbb2aae99611b191d7f5ada1f976403acd8d4b5ec96675fd5715681838bd93237efd65f3868b0361b73dcaf3e8939d2ea481652da7cb6e4f5a475ea2c6918890af1512337a397e6603c8b868cf510b14350dbf5e28f796ed1749af5776d7dbda64b1b3d9d5777587fe31fc52c4456496c1a54586a44b158d25a35581633a91dd8edc5bbcf5df397b33947e79acd82f81dead056fb9551d5f1cc8ac2a9859d24d7a023594125e287b94b238fe52389ede346ab98557fe2bcd4b244d75c5cdb115c22932f1c03eb9180ca9a933e5c5c3d8505121f87d702c3da7f42b1b57255b2f729d8653aebaec50891843ca4a0a6498407dc240113dec3edf14c10973325e8d0e1f61a5aa61ab462eb5a0681244195902450a9ef6313f204d231da025320c3899e7f19fce3d00afa4103410d7e4895a3c06238872554b3e076e4f95c27ee39631d421f509adb4934ccab3d97f31f87e98d40458e145c307f6712fe5a0f8007cf55d3f511dc67dbed4e9edcd35882b2ec53b199c4e562b95031b5b5e3b21fb6aa0bc8e53db4f156d0c72608975dc9305c2296301a23fac9aef49fdc36b77f6ed7d5530bb9e3a22adcb1586aa360c51316de31f9204190dfa4c5bbcd5c5c1c055da98efacd409f3eafe7bcdd4f65f715d37d84758c899ed7a7d87e6f154d0daa8cb2d14a9c3f213175d572075bf76ad7c06b2fc224c75c225559cbee6b4b9ce45fda7a7195c6effabdabf5ecdbaab2c885d969af2aa064d7b987cdd7098878aec25c5c9ee9e0ebb83cf5580633122ad22956dcdae6b9ab697ab1d2b72691ad3d28a34ca19156bd735eadd4e7deb5d486728fc08e4b23f13823a32c1a209367e98534b6b21294966f4fc848cf13cedea09c39a182392bb029823cc51c8e483f567a3fd60d132d8e283d433785b4d7331362d65a9612720c898e316a1cd26a2959a744c58ad4ac5c5cf1b570c2a965c5c8022dbcd5ed76a6c7acec9a5a5196c95250dac2677149caec5405ae3b5fbeeafc8def9099b0b8997d64d84daa1dc6cbf115e5beaf1f4cbdcaf4cb6cc86bd96ddfa5d53a8586d632d8d66e9d31ca0b62866e95996afe04d9580a8dc52136f14f67910392a151b693e2068fa231d4af6e987d9b4da3ee2bd9e66b1395d2035ec864eceb5570cab1b06a458f62fe76bfb160061f92c164ab84985ffdaec3a9cb5c3018e394b1171d29d53c4bb1b76c528775edcfa79e597c8fe24930a743eb2368a5a51da9e2faaf5c27ea0c8ac5fe9e28d82ab2b9cb46a2dd436dd8a30b4fa74d625a3206218c4f385c30e525519fd586571c091c581c8f6eb9cfd473185d646f45ecbc5b55f6505e3a95d728129a2c736c56635c305ac0577019aec955984d7b4831882319319bfa8add1f78e9ce03cf8ec55c27318fbd5687fa8b1d66cda6bb1afc8db11c8e5d52e39c86d0430aac804d9403713012655a53560cb164ba0dae6d9d15d63a99d54d13a6f6e8ecd43e1495cc3d2acea4cb64673571f6ab29b941b262759c24993945a7f1e5433ca6552aff5c304a3da5d6c7d5d66cebf98d36d50b0c443b0790cda2f3448844aee52d5d0cad7cb44c8ace9fcb5b243cb3dd0b5f022ef4bc49d32d6ab1dd9749d6ea5da960bca0431dbd3e688ab47e62ce86b33c7232a942b5dd5972dcbb0511f449fe8a4ad0d9af2412a2469c4986785e29017e41c3f1900cab0ec4648f4e3a13d87a3b5ddc99e1668d9bb590c2aefb775c30a91a174c79732c59e2395ab8124a592d7c5c30081ccccc4cdc4e93e0311a8edf86c1f54aad7caeab406c635e76a2eb0f16ccadbb136ada2999ac45dadadc57d344a7c31686db044ae942a2d4e1fa63edfb2f39fc1eb7d6456bbb4d64150a6799cae1eedd1b99aac902fdf5171546cba8aebae41b0bed6397609b2e99eff569b0becdfdab5ea38e56c3ee0aad0b9fb6c066b356372d2a934ec149054b78fc4beedbaf0d16b8568539b756c71137cc04c649caef6faabaa5668be86f55332fa4082582555c30031d88d5f1c1651291cf3831b0cf6519531eaba8408914daa1b714215592655965112b0615de6396311701b8305c279856c8181d550c5c27b74af5b3bae6cfab3d19cc1d0657cddac7b6ad817e5b198bae3f2f3383a37934dae3063a116d5c30c0baa4ac2c55b4db04808798edfd3fea055de750cb5074fc3ad670d5a8befb6ee5872196aceb38e6a26cabcf78b5ac8b534cdc9f1b15336d970cc98943088fb73fd3daeedbd55da371dffacafb3d16d6f66afa3f4b7e062aa0e7b37a7e12a57175c5666be46303afe472770edd4f94aab97b56154a333569e349d5d0c21bd44f65ff5c30a786898baa791e9ee9fa7f871d8dc7dfcd5c5cbf942cedd4d793a34f2b91cadfccdeceddcfe65c225ecb191acd03c859897a0418112a895c22deb826b5a86b145a4a54ebff5c300fbad6a3824859d9e4964f3191f9088298f99f282b798079a85583b36e0d5c229793534dd3ec3a5ab3249a9548d18872570a857df9c84f9cea323247b1eb941ca7b76dcc6a6428e88acef51addac3c56f83aa606f6c179783db70d1fbbe155f16a214594cd646bd1c281b96352bcf60a06dbd40e9b95bf7e841ef5ba49ed3ba71eec30babec15aedaad9acf757ba1b97c6db3ea5f4db54c667ac9eb798ceeb32c65accd1b3ae2e7279ac70560cd6ad373b731884f89b6d3d1d7b629f66babf5074bd4b5ac354d3f51c2e66f6eb676fb183cfddc290e0ee835c22be6f2d72bdaca5bcfe7ace3d78fa1e545b0aa249250d54b13e8daf4e7dc56afd4adff3986d5c22a5acdea4ad51d95a97ee56fdbd7732eacffc3be2843bb6f2eab68dd5f907235eb389a9194a7c4d61b08de1e78a9b4a0d5e3abacea3b7f5f7d4354834e8f404b6896ef2ca207fcb68984f13c3e47217218cc08adc640c84c6d0edc3a3ea6d5fcdd3a0d4347892af9f14f8cac7c6494f378e4e48eaec5898490e5d43263dfafe5e8fbc25d80705c08c0aa45bf8480c448fd0f74914c7fcfee0b85c22999e5c27d67aecb7f543fd11742eba2f64ebbfb47c7e03a6bd6465ab393d97a45c5c8e0f42ea63da7362e5cd6c9a018fd1f73b25dcd6a4253ab67edf7adcac45d6ce41d9ebb2bb47c60d8dafe894ef56d62be8e0471c3269ba84f1579e9c91470a987893c1a351c446f1b3a3205f513c87552b51da1acd3b9342f45c27b279b38b15a369619b9b72322b5c22e4723dd95fd6ad907e0f46c2f6c386a2562a97e16ac14cfd24244856b195c34cc67f03018ee8185c22910811ed8889f51f5fcfd1619d82b09206f6265c22d32416b954f329252fc72d6447f9764144cc2c0ca7ba67d377208b569cc681baafc441cd83e08d8b447776258c6c4f6db309164c2b888192ff5c30947d4596ee318d09639ce2509fc558f920c8e48ca0f9999e7c7c769319024936190c4b3829e63580d167946c4383c9c9c918e25c300492467f6fdfdbab092d8c6142feff5c30fbff5c302f6ebdb6fb88ccd85aee136da0e0fb614852fb789888885a202481a1c04b0cfba171c172c292f4377dcc69fac5eca63b61d93597e75c274fcbab60d69b532cfc0e735acee2497671b92d7b3b556e9c75f4301135977ebdfc1e40c569cdd2bf8d6315240f2965302529aa056a572c33635c5c4291883e3c64d28162e1915c302d299326735c22331eaaef58929ced6f84a4da0b0506073c4c7920e22492b03e58ce23ea5a13101c4f6ffb7a8ddda88eaae8a55a36e7c8107d408c1218fb0c63b77ce0e3b67adfa76a7634fb7159accd048ae09911d91b89051943c679af25241e2476cff5a0d8ef753bbf50f674ef7d1eea369d6b43d46c57d67af3d0df70dad2356cbe0196ad589bb6f1f9c7d2ce57c061b6a4536d8c465c27219f3d0b5fd9a1f72adac6636efc6af276c3d7cea474cb3da4e57da57b7ce81753f47b77cc6e66b564e9babefbae64a6de61990d1f3790c36cedd4b3d163f1b35f647d8b0eb93cd2ab10cb20e4d03eb8e87969ca584e3ace6f4c092b955992c564f218fbd62b64265c22f55b841c0babe5126c9b98f906d26abb21e2ce5c27d514c5f4af70d24760574db77d8359a19d804667154aa635983ce27f35a43218ab18d6d1b66816be6b1b2b2d958d85351c99982f448d2b682dba556eaea70c33ca892f174e5e44842b3c68eea5fcb0c18a1cf3405b8e3bf4ff5c305c2788156bda788edff3a84319a829cabcea5fae7898e4d47e82ce9ef66e5672df493321914314b0f371527a54f73fd65f796dd3b5abded03b5353a8368f0fd47e9ee47a7f85c06d3a8e4eea70b58caa5ec9e40abd1b394b26ca993b0cb73e1c543acaae957907c4f7534beb3f597db56938bdfe9d8e92fba6e90e634dda9fb46676baf731cdb5ae67ff5c30d4762ed2a342dfedd94d4360551561ace22c32de3871aeb22acae47c43e5e4bba7c7ee73a43733d53a7dbe77e3b3d5575f64c16cb58f6ac064eba8c0e22dd2cc5878d5b5dd1040fc53aadc1f142e5e60b0117ff43bae5ef47dba750acee1a7dd0ea0465689e3331aff5c305232fb26d9ac5fa1722aacf1c9a798c8642d63dcaaea1a38f755b11669d32651509563f012c6db77a0124a6f2cd0328458a299b8c679860d0f28331f09409142c878e4a801485eb6d5dfba52e9d4a84146969fa868d724d4f4ed58e89ff14bed2fa050d4ecfd74b5cd58e16685566af2f345569189cf5da0fbc2f75db9f41fda8ef9d7dc6e5c27a53772e3fe92e9f748b2baa65559cc5a32bb7e5ad2fc591af7050f2c4e175c278dbadcce1eac24514936c43c6e1bcdafca56d584ea1fbcbf70bb775c5c332394bb5f30ac16bfad58ca52b0bb36b5cc2d75574659f50a5a14ed6dd7d994d9cb169958511cd0d08331a86c3b81edbb4edefdc6ea5d47d277ee80c6a18adf7a9347aa16b343b5e4b2581c05c95665db16a9a46a3728d49c6d6d9f2192439f939b4f8c163632d4f1d5c6ce5a5e92e9d3cf6c38dd470c0aab80b5492a95c4d9c7a003c9658b101ec32ec6c780238989012f8e21d924333ea21ad55d42ec28ae51110aa2c65d645560f209641c56350d306390c1884c02feea31d4b5bd08d2a9434382499c4f3dbd43546a8d4ccde741496b69f0d733d968ab69cd1586e426f2ac4d61dc448a884d0bd13a1afd5b58650ab190ee8c7542784c827b0c4465c8ee1086f999f6b208ed542d660b820193843dfd0aaf89f163d5669bd575eb2eff5c3024d4fe0ed3b10401dc72e649327ba25c221b05331c042e3d13ade353fdbb1c3fb2d22af540c05967c0098131e3c8a79b5a6f26b53dd313cc8841191f60144fa1cdd52c465f89ecb0daf542e491c56195d8ec33994b4861451603b98712513e4fb9381e0a04041afe88208e42cbc5c485f2c090d80b85c0ec3901d87c63b60f49e8db7f3e33cb9125720e3d3923df23b0ef8ce307dfe3aabfd1ddc692fac5bc698978da5ee3aae162c54a76e29b2d0a5392ad72956b8cedfdb5aea92e84973334bf9e52b17344846675cbdba52e9775af5c27afe76a933a55d4dbd92b546fe3b126bd43a7b9d44e329268866192e4863f5c276ec921d67bd2b564d817eebe4b253113b7523610e9a75f74bcdb4e198fcc54b140ac24e12cb1671996f23abb8e07b21a78ebd63b244264424e59ff5c303ee28b775dc475ff5c30a6190a192a940b13909a9e2a4d455bd472138db95ee271f9ca0c5314ec5aee54c555b98e6f6ce4518d95b492bbd253497786af6fc34dfd6757e333e85baa9c11ea2f1b7972a48ae91c37a13dd3eaea4c8b244a400fde293f2ddc7579fc3bb90cdb5b44d46248e4929f9942d875492359eac8ea629d181cc56aa4e25c275e5c270a5648fd415bae4bfad3d33d9ba09d4211c75bb152866ea22f634c1cd0ad944e32d7c7b788be0b9899626c42e65873f80580289ec29e674f64fd7addb4eebae095d3ddd723a56632237f237f5bca131f82da1f8ead366310dafe51a772db6b0d9652b62b5e4461335aaf06429920dee1fd8cecfb9ead9ba216364b743a709d9f6ed6377ff4cdbb388a7813b099cce9d791f32ee75b86d556a0ae8d88ed5d90a8bc70145c5cec734c2fed9d37dbfa6b9da75b64c6cd3ba92a790c3656a595b12ee1636aa64b09b05164819c79459135ad0baad9115585adeb354583db7aeedbf1376958d1ec5fa3a86a8fa74ba7da9040ae668e48c9a775e09c387c40d03c913719e0995d7f29b8b74e5afecd9ed4735adbeb141a5dd95663015c2248aa3cadce7ae15097aecb2339461e974750ca09e43b1bea6e3b40f767d125235fb78ae976dd8a1a994ce630b1746eea76f236ea1aad6654bc38d4cb53f3e594eb172ed5ab91837bc9f668aac9434c47eebfa6f753e92f1bb7b7a9bd1ecf1ecb9bbd8ea788c56e97ede5aead55aab8edd77bf0c9c7d6079382aa30d946e3b290e540ad6f8111f43eb40f78fd67c3ddc2a733b30e73078f458a17716da15e8e46fd3b89f0583b196c7c2be6db50ad2f58dbae09635332ded3735f368eaf5b2de66b7ee69d9b2d4b5e3ca52cf9d6ac036455731eb99621d452b22a437d6b9aed31285138c083bdac61c853fd8cf12f64dab110d6695ba5620582866a4d656b2c45a286ba8c453e16368c47102541ec25e45ba19dbf08ae90d2c3a4b367361e6ad11915d9987332712deb71eace039e793f70fdc1fe9b594d93dc0c55df9d571c59acaab17aea3156edb65380d5f0b35c5cf23902aeaa4eb390b391a9da9f0c453005ca5ad26794c488f4b7f4edd3f55d2b60558d5b1b93ca5dd9329acaafbaa53b16ec566d205066b2566fd7b37170170ea2c28e3dff5c30b692df758f5c5cbe18b153f65dfa957b0d1d95957afb91cd6233da7d7c86174ebbb06919bbd8ecfe12ec85ca6553314adaf23572b8e63edd1a9fb81d102457aac3bb09772b28dd1df71dece3ae17d194d17abfa3f4ff5c303f9bcbec588c874ff7bd9f1792bf76d543427116714bc55dbe5e3c856450b95eda6e3aa833e654e01e132e725d7372bd310ef3d3351d3a651155a7109a55ab5e9450d5862b4f1796b1989ff36740d643993cc590f35c30743eb3b0757a7348b5b4fb4b0c6866b35c2269f3198bb333e39852f81d835c271edd88f73d49bd26e8ee9143a578ba48d6e9e17597aa822c5553ebd713df6c4d20b16e56a8f105eb79fb2c6595c02eb5a4135c30e04a18d1abdafa75af717d08ea152560754ddf71d2b60c72701906ba95aff4b6c98adae30bb3e4bf7e538595280e3eb647f7417d96532b24a495597dd42a6cf5cd7379cbd8b4dbdb968faff4670456f3db0e5715b7d5d7b08df0b65637b2963686e3b234ec57f9335a8653c4ea8b61a4f166176c791705bfdd1fb49f6c9ac074d7db6f4bb4aea06231376e6c3b360f404d3c3f4cb3fb75b652bb5364deba84f4e41bb2d9a7769ade753094b63c83721137ae90dcab5c5c1638defbf63de1a8c34742ada96995348a4fa736b12d45aba16a9f570cb46e7d4f39637414f35a6a6a8939c2dae7eb7843bbecff5c300bf705c328d3684faa6a16a613f935959e5a5c5c19658de4b52aa410b4c14c6de6c8bf0402015c22bef597287d19e9de47aafb8f4af34a9d52d61b01b21ead412a7de931ad569598c45c5c9aa2a4aa50f5dfaf5d8db8834cd9755bd6d96cfd145fd3db63e9aef5d17a5d5ed50b39f1f7eca6c74431f7269d75ea96b019fb98acbe5c30857dec7f7dea2168ef3cab8c53b18f4a2ac78cd8ce61bf504f769d5df7314aeaba85bdc62f42a190c1e76e6998165fd57483cae3767a4aad8e0c6e321b99c9b0f1936a9e2ec661d97cbddaecc9658d4b7772699f8fd243a47b5c274f3d94e9edcbc5cc7d4de76adc37fc3e15f44ea371dab6e0ec73705c2254e4e1b59f960c758c982ad95a6b9372bba1a0e7fa25fe1c7c39d1b45d6a8eb36de4d5f59f2f5464b8609eb4156244aaa92c31c9625e6dca6291b4bc4f1983346ac911593f8c1b32e6d0d930a6b12c316bb26a551668a3b265692b4f5ee3b5396331a0692bf951cb24b1af96de85524c8d928f19c54e71c960bb98fc6bd45ff2977c94c894a4e649dc090c9762cd67025f90c89f39e9126a05718bc6c5b187f6bb60882b4b5001cb170a06418f233024025250c132ecee080f59eaf5a5a65002b3151eddfb63b7600e31edfe7dfaa9ea835c30b15c5c9393e8071dd4e3dbe00c76ed9ff3eabeb72b8894deac863ac09580f2dc7176a8cb985c5c025c30a03b85641c78a65c27b83b3911893238e32455ec38978e150b2b99436c4a08bb5696792624a22489c6ded96884c97f64313e391f4e4f5c27ce0864a129f3790a0817626149303386119882dbe461cb6084bb863b0563e401895776af728e1e651935a7c8bf93e57979bba4cfb7b4a45c226192e9e45c2262207fa9e58613112bb23d255c5cb024f052ff5c30de3d896017d2430ce0e3be0e0f63d47994900950480492b9f62c0a8c31f7c0f9c0fea7a82f63088e6546e676a58161f3dc0a189ec25012963da51dcc0f1a0a46151ff2864c9fa8d6aeb1c22d6672d5106d71145465825c279d79912171aa2483c933125c5cc408c87066c90ed9edb2567a7acb65549b6ad1aa41961d5132c49b4a665c22b3986d8189831ed2ee21e4a20223ba444a59db66131d8f5b4a8c03da010b8a35a2640421d3dc25ca9853dc5e516440cb4e3951f1cf98508af191c1a22e0777605892323b7638049c11dbdb3f7eb5b0655c30b26397b0ce703efef9fe87fcbe3aa41d49e846373f4e3337bc56aa3984e3885f8e7cc601e629548497642496211da2025c5c8cac8e6086b66cfd15d170d8d7b316b4d56565826cfca1af0c638a406b9404848b0e23b8540311104d954c8c414493e6d70ccd2b4995b6b269d830016c94526d96ac4fb5d3d8bec41988c487d9b191d811df1071e57fdbe56cf552b1fb158c8becc8da88ab5c30aa6b74ccc11d98182b2d529a51294c1f5c225023fd48309deb4d2d7839933050d8448dc71c123df99c7b1cf6f8fdf3d6954909c46dc80eec38b1edd8ff5c3087b7abe7dbe3dba0dbaa7b6f9cada52ecd737372169255c12a11536216c719449ac1aa8540ae1a251126712ae1715c222571fa59ecc7046c1c8e5040d6977da8914c1b0c1ec6412d3ccf04c6b3cd0e382e140111ff5c301e0826a1edfe9e15698b694d6655476ac6c978ed7798b1b61c02a098ae1da502b92ec9ed9915f25f90cab85c5c151c4b7e5c5ca1f6cea3ab77e326574556216641160ed35624c05c5cc0b17e45cf6988911c076a89d91ecd85569659170aaab146d853c8f6c15c5c282decccc7b13dc81d6b30317eea3be1b242e70a464e4f7c0ef81f38c01dfaf7d17a7d85e9f52c78626ad7a4d84286cae10af2b20d4099ac44a86c41aa7f90647b97dcee43ea20a64ab2b75853251945055be92b02ab359816b1c409299e616a1edf90806762c9405c5cf95aa90109e74b3391a172bdcc940331f08657ad561b9150bcd95c5c056e8238295dbf18848f6c701dc3dc32d25c309f4d5ad97a6514175edf82985614c5fe60ce2e30a22d01cc902dc705e2af0995ac140c625630673278491af96701c32120870a41c00cc540041c6464fefd8fbf4e917a70171c7b16c7a01c81efed81eff6f9fbf4c2d8314fcc518463ebe432751b6ec292699e5c302c37f289f230207e10c8f914b5cc490ccf634c6623d549eb5e88daf52a3575ad1556ae564c2ae1326315db2d9b90a61345a8ed3f8fda5c22b8398ece7b47822d8daf5115ea63df1771f42c94db44935c22d78d041db0f3850926a094c04294f3519ff88114041cb5b2f80a5f0ab5db8bb592a79325a9159695af5c224baec206c4561fe1635c278012849338118039939969c2b58d3d7540c001c98131f1c9048190c5bf4f203e33dbd88f6cef8c981f92b1c76e79f7c64607abbfc9c60e5c30efdbb75c5c6a7bece9675aaced439dc07cacee1b56b75b63c0d0c6a685759d6acaff5c30ccd538692ee58bcfc70d980186b5a5051c0818414cfdecebaf9f33138f2a7766de0b3348d2e518b24c0a20abda72c19c123298f67236ab98c99bebcacd9212a29305ee4ba0a2566d677154afd6af51edb160254c67c7885c22af102891816117701ae14a31985ff09b5c27f18e7efaabd36cd7b4fea09ef588aaf4f4ab6ccb45ecdca005abd1b66c8c5c30b328e4a4bc21aae69d03f3094b10c6e42546eedaeef22aa4f8b1e1c4baae873e9b240d62cc2d3d8d319d15c346c0c9354e59e6644740f5fbf2c868c64b05eac77841e2343a4df7d335030c7a66a71a579cb67825c8c2430dbc152a86445582665c3005291b9c5c305ba35db460d9d61d491571b91b1af4062ec56ce59a996bb18fda33d91ce57c96631278caf6d0aaf88d93078cc5e1c5798921bf628782cd515c5cd4991f9d67fd3ef54ea146672da159dc7a7056efd9c59dbb1496bc7bf2cda7cd8ad9dc15da8cc725d905c58b40eac1f23e20a99cc043bb5c274e8375953671b556ac90815895316c8b026b349283c5f8f680768cf35c222d99ed6726bfa9888be788c9ebfb313e3318f6b89cfa2e6b6b5db7544ac86297526fb6bd6b615c5cae78499566cc01346a309473dd5c2733427fda4ddde1feaccd4ac59a62ae56248812be8112012c13298ec21648f9f9a494e24a0fbda2311481974d9cb4333319a099bf5238058f38887c81855746070720f6eb98fddff4daeb2f4a7e4af1f8e77546922ad7becbd816d4c7e70eb5883b09ae3ae5d0555b8eae95f79c51c9d62b72e51293e4f20fa85717a0eed886666e2b0db3ebd1ad4215b2cec186cdeb6bc495ff5c3020d78c9ddc822a631016d3dd0861641e4fe7912ed1982ec9b1fa86bf931c7b2b79872b5a6672ac7a1920c31b8ba15eb85e5992ee5c22c529458acc48a4eb8f722da48d7264f6cbf447a7db95fcb607238fc63f15b56b6bd7f61c29b557f07b1e1caed055ac6e768344b1b9010b472da761a1e72326569b134db69124ed0ff137af5c5c61a7ebda356d52669204927af20a9624e6c33feec4cd49f9461b010d411cad1b10e0142b349de77f6c7031442cc11271105ae6d1ac718e20ace55ad12bc8f2f359cb2ae01ce0f5c3a2f46d82e66996cf5f3c8d52392e4e9a6ed1b15664e5845de2e0292148c2a111d95c224d670223c8d95e94696eab9517d4d2c901f1d0c4dcc283316c498447e5162b125a65263135a64fca93ff5c30881c1faea9f61fd287db3ec197c866f4ad4a86a16ad60198ac7cea972fe3f1ebcd554dfa88b9628d2b490344db31b2faaa5772896d828776f692a63bf4c4e92d4ff4a55c5c35adcb194134aa2f235dbb6642fdd66569a0d79596e5695d04c2ac3d30ec7477b1ed8b3c38d64c25532cea3bff5c3052dc1a7c90d4d1ac4509892a7292786284962a8e55e3bceaeb1b9186f2e305559b82a0e4d29a3e3fed1a514a6f68360de9321e380c6c30c4e58b3c6ac39001429efeff5c301d0e5d47a397f7ad1e8e52c6b2bb33138fa69c867ec5fbb299ad8dca65ae3ecab25c2768d94ea55a63e6b65c22309c93f1d6ad12040e05ce7d36c7e1596f17192c3db4642bd448e1757b58ecf6515916cf87c24188c836828184125defb69acbae20e59771f699851f63fa16b581c7e27078db193ce15dace5e6b6dbf92ce57c5d583162b238fc4662d65b1679268a86515edd56a5710c6320c494332ef4cbda9e83a8d5b97b3f5ebe52fa32162e8e4afd2a6362b9da64d872aa902c118f48d896178ab057836932616212b98086b1b775176ad444f0fd6450cb249f49372a91386fab449a77500592408cac0aca898ccc4fb0f5fc769209ed4fa4548ebd5b160bc42f169a60599111a3a68e538a1f7123a9240c8233d00ed4ff5c304edffa81b8e2fa95d5aa4e1d1b4e705bd4ba74d5db1c31db2807b33fbebdf2a3dd36f6ac054942aa54d6b01497fb7636a649cebb95bbd17f4c1592c5ebdaa50eda34d15b03845216f838536a1d3aff5c301ab92c4c971e149c42d02bed800542fb551e35c05d67dce866b3780e9eea8baf0193cb51c5a6298afb8d8f915dab530b12335d6abe67b591c48a1244c889012f568eb8e30f174e8f16103482bfc4c88595be4013e0189691a8442c2160427ddc7e3e4ee89198ed367e162f6e4d735ede1adea56e4b3a368d534fdada308a2fa7d3a27599acea11d3855d95d95a2ae6cd87ccf61e649a662586011e346b12ea9a7e8e2fc9349a96a576deb5696cc85ec61a38a282490678c60f5c2758638f091c68517b039f5d87256f14d5a2a5154d7e5c226c28665e70c25c22117ccf0642bee301218ee58c4c7770705d99e9133794fe6621762c32bb122aae4c6107f2b0a4246da2bc407fef077c1941af9103360c988467abd4b8e2b8ff5c30083fd4804ffae7aacaec55d80ce01fb13feb83d44f5f114dcd435f63208b2a60f64881405899988ee92ee0508902e0de35cf91025d75409147add354e3996db4b2098a88edb1663c5c272c61b1d3ded26b40d6f818ee15282175d424501f9c726deb2eb9f2e683f2952b8579814d3a8632d649ba4678881262c5830a867206eec883fc9705cafe2d2db56515b202e71306c10d314f846ef6444c32fad6d74fedbcae09204702d1f1410c941cc4f654e00334c1805c5ca83c4aa1c8c716e2739c9c673f3fcba678d83e405c5c372eff5c3072463dc7c1cfb8f8e9a799cee6ede3ac59c5142ac365a0455c30a7984f74904d62b0641f8d788e59e368a065605c5c9c4abd46452eb3546e30ed5fccb1c69aa84ae1155b695dcf6c9b5c27c4b888239912985c3061011c994f01ea70bbae36c676dd1b0f592529937214a9ac0cef3863c18e678c5c302b02e654b008494f84415e42881d9a189d77179da4ab50b45c22829adf8e8816543b8eb012204271c198d421511ba20c261b205c221f9ce69180a9fda306559512300139ee79f6cb672ab9f65c30fb763d239564cf760adcb892dfb9c103b81efdc7c763f19ea29c36b8db835e2fd6b6160ad85a7520aa725c3016a67b6c387850aec24458f387fe444d1991ec3811b0e33fb5babe2eb5a5c3ea82406a835c22ac586ad05e4434e5a05c27e38fc9fddd9db31d8466be098936e6a2a1d66acda86e43cd6544c05c5c08b450615984c5fd12d4eee33ac66c058cb545cb5c304a1afc88cdaa4a6d7b5947a56f75f04f7d86781a3658e199ff5c30b7116ae1ddb1e55c5cda688cf7359311e95c5c8239a35817903c8724652bc49e21bb9c64fc0fbe063dbadd1a8857b1cb7bf2c63d38078b0cf7effd08f7efd3e0ae56bd5ad3a6ad48bd6ec56adf158e5a85b6057e5c22f8e646b6a9215e07f94d842431dd5c22032b2f51dd40b968fc354e9aebd5f948254476b14c0efb1c4b8c0c649adfc50b16585c30322f34b23921d4c453559c832edcb27d80e05d65e44c106853c8e3b5426c1117cac140964f6f609fd9110c17a70af293800bd8ba89a76294c2d95c5c2ac7ee262eb3204dae40e36190a8124531d823c481125c2241abf4a620b51e545259f8ae15c92071501c807f61d881f1f3d7aec252bc8f01825c305c30139ed8c1c7605bb37edf1df1d2163e304d53c86c1cd855995c271cc32c02de5e71ef2eff5c30a993164cc76afb9a1e16783e8560b397c02b18ff5c30dc58d2c942a929e75854b19a763f88d430b1112154481b3ca6013dbe2aaa5c5c12cc89470d435eb2d7b33370e9736dceab41cb5a5c5c816d7ed3ee10f91cad62def4300fbab8476f72488e47d6b53c9e7f23562dd95ae912dc4ab055d46a7271ee9f8efb0d26cca156a07c282ee96c777305e4032369b5798b332bbc782e25e499e4ac9ed176fdbdff5c30960f4a638d42a67d4cc070eff23e481d801dbdff5c30f8e9b191c8dd0a5c27196a9654cb0d06291546ba2d7c7285b7cf6c5c2265204c9212852d6661438851c94f7fadeab8ef9d8da998bcda354e8a1d6d6b07588845cb405c22b2a51c12966e1f1010f0fb10652b333efef5efd0c661739b437e5e4988b75d2f3b5405a635c534e5a2a6f92663c29b0c916a84c9703e2640ccf68c42b662feb2180cd63a7255e8b2e514d6a1fb7d9424ec3a6c98958a21db1363e34ad90681825c5c4ae017d87c94ea13289a148a194901724a12987e21c28f6fd3ee4fc03fcfac59490e4b6303d396075c271f3dfef8f7febd31b3588cb6d74bcf79b51ac1a302e5dd85da19b2a708d6ae964048932c21466c86cac018a19fc08008c7875aba2185db1193c4dbc5551a197a36a246cd05bd76699f7a6c576d46c1a5ab7493d3710210b6076f3313dd1246ec672e5c27035515e8589aa2b04d16b18bacd0b060bf28e5520928aa766b1137b90f657238ef9902895c5ced1e3f05bbe22c20eb4637235ab8195d815d872a7c10327031120d33709f8da2a210614f312a9115b26bda1c5a85598b411c9963c5554379449e4ae75c307ac13cb97ea07be723acab4fe54b1bc4ed1ca07af27d2e71ea03b607cfecca4820f5c7f752fa13d4cf69b992daba7b8ecbef1d0c79059b781a316ecedbd3e5991c586e26af1fb8e575703164ce2e56ccb61d47234e2cd21085dace847b8ac56d14295bc7e5ab5e418d75557aad2cc785b0d5f19bda51216066246d29f20c0209864418c091beddfa1454e82a9231717258e0615d9ae92b9160cbf23a8aed2f9040b90eef1af9f09798a63829f4397a89fa716abbf6c59ed930d4b25d31dddeef908df74290c13b216607bceced9830acdd6f3b5a62444c72b8d6df74f710b56ced33a9de2678234373c32d88552aea5c5c5834d1c2192d310326645e3c58e1434d1f5c276ee4c6ed9663aecdf17efe8f145a6eaab2dda49dab4dcc7d4544c8e3102ce44910c9c72390a388c0c2f534e95d4a073d761563b0984125d8c0643216648fa98998649156864ae46664783988630846675ecd95c465a8e6312e59628ab83deb8302f05af9720d64572e545458825c5c1a3f191777f6895c22421223f23d19f7c3d04cdc2d581d7fae3aad36472ec25b6e97b43b175e0787963ef4dcd7ec5f081860a7f74c521cd93285049ca4562c7bbaeb9d233a2ff68bd5f5456192442b29aadab529938961ba6b654eb80a64a423b0cbc9262c0fb08f5483737e1dfc40a57ffe1da5477a5c2747fcdaf66ba7a4154f4a4f3c33a329c152d1e57dc363383143e2b6d7b35c5c7d45f8d41c7a254749063be30e98230707dd4e4e3a39584eb664315680abaea07e2f39115ae0849cd3923e79ef673e4f244149c994c4b64ce04a1f984f7016910216dd8f24058109091186a97de2a2175c309790541061235c225c5cf6acff5c3096088a679e267bd3f71476555a8fb42ea8a67e54cfc9bc7889af66908ffee5492cb260ed12c644eb99908761c319043320f9a1d7bf747b759a91affb55de5c22cb045963f7aceea588a0fade2ed184deaf9ebf91aac0edfb17d7b8c139864a80b9e10e9be0df8cfa7cd13435f538a28cf3fa73abd392bb138e45d1aeb202405c307f5c5c019394373c41d85694a992a176203c8236470148ef9080e41ce31f7c0fdba51afd71c6d804a936f1ea948f3e41f19ae240575c2212eee361b3c441102e93f08b2620cb8211a83ee93dec74fba2d8c37edfbfe1b598b025035f257d6b65b6db01f12686247c97f2571e260609c7d4792cd68992e248484907477f51eeb565e861321b3d0f6e3a8da4f00ad0c9fb16d56ab3dc42f8b7ba65aa4456b47c8aa5784c5d69029825b88660c6ecf453f46fe91f4d3214b7cea18ec3d63decda3699b0ef997bdb45e1b7cad9e4b2394b766c54ef5c229933895c3006f305f503cd8cd03c11de1b869a57dc9a98d212cc9179b0e96825b49008d7cc81ad49e5c15a42c38fe42ea2141285861ba1e58df5a1d0b25f47d3bebda1e6165b6dc25c30cdea57f2c29761919e2c5707f48ec70e9f6737764eaf6f77faf19fa97f05a89567e37a5d83cc62df4f2595ad7fc6197df35c2750b86e3c72085c22c7e0f1d2b8b14e8158b3701572f4aea95c22d8e96568a695d542a5740c9ea349392a1725ab2fe58afdd3dec49c9943dbf71123e32ec259ad633014b118da3428e271b8f6e32bcb16faec20ab5ab9254a385c305c5c490b8d73e519e4c856033225323c285bc7b1b5968b378a6ad8af3268e7c55ec77941d6b158d66d25ca1e2b0f2c76f776f7f865133db703c3cd95a3ec6dbf576f691516bd2aaa093fdf9e695c3032d8948039cd2f152ec464e0027b01d0bb70ebf775fd425d4af5832cf31cfa578c715c27631c31282c1638c0c003b6464f727ad40ca06602c258cab246ae06b1d35f8ec3cb8902f38316c06c48b58b3fc59c9128d8c90828cf4d9c7d2b38c0b8bbb753e4b2e43a8db854b852243c31723d90df18b0cca0da2e5c5c4f0dee981388cf5363c54e17245c305c30ec7ec3ff5c306ffc74c4a0b0e44ae493ee40f903f6fe7fd3f97510d16fed971c24c0b37c7e4577bd4a639e622052c72c97255c22467d9e211630fb7b5c2247b8856120d3c946131362bcbed51b0f013f136b28ac9de18885577fe447593c0d70288936713e485ae0063d67acf443900611a9f6758ddb5c30772046c3e31fabbfb7fa76ea3f19e21f1fdd2a07f929eff73fbf523e12a2ec6976765b2a6b18e617cd6d8939ae94887f3cafca45251d864b61a64d9e521e44fb624a3fcb9e0eaa9abab51bc4a8e2bb9a200b0b37095c22c6a96e0678ddd904b737b3910270176b0a7b73d67a6ed3e477b768331e31d97455fee84558f8ae3ec339c023bf7e94596c40878a92515892a09cf1ff5c30e7af34daa4cae9a4378690c0d8ee98fb06cca95df550d159adae736152d15b1285430a48c824a035f1f91c45545f2bd2cf2437f6ab0c85286c2dae817561a7e34f9e16aad15c224e97800f71800cf13339eb3d3f430abb3a3162199493cbd5df931c1f8c9ff403edd239642a8cc02e56327b8ec4944c6467e3e3dbf7cf5ab2ca342d2b138b0664b20caac61587c3f850d7e5cf96550359760499c56ef31ed19084f7cc441ee35383525a7532aff9d355c5157c026f861d796844812c665c22c4092c4ff8d8511da2c82ee22cf59eb56a3104e4aace02a23e7977663c89e471923d23b640f71d6359cc8acec17218805c30ec3057dbdcff5c30af4cea788a24c4b2f5f60e4e69fc84d72381b216183125320b3f245c226063cc6d9ed26f688833812176e2e9c6071d06cb4ec9d93aaf45541596da80060319f1a4a66546327f50b77710c410435c2254b54e7acf4dd7f221807224495c2286ce0f6f2cfb1c647b7c7ffcc2cae73ce4c00caac063e3f4ff5c303ffe8fe796cb83218821ac3401ccc92dcbb1c4da6dc954b15c22a1b35c226cfe2647e3cb017e4191050ac88a054f1678bb9694cd869a9b156a11e2cd0a99bb5af39b1d9102a682c40c6584d3883684a9e75c27c8094e7acf5947899416500b41925720f6c1c0ee7b76ee3ec4fed8c5bb331c9ec41c7c7e988fb7f3e93c328694b8caa59a07c1f9d44d67c6bc85f7179d670b206088f744ba218f6c5c305c27f1f244faddd7a9d65c27d8b437103f16b42abe3c4ed02650a958ada1210c592a167e5c223670c06178995c2209138cf59e97072d0872147a412a07a4e546723be7dcfb9eb4ba2abae3dfb9c9f7071f18c7ff5c304ff2c3d6bd87ec55a13616ac6beb57244bbc32c354811af8ae62c0959304214d3013315c5cc49f6778c97e51aabc5dfc9d4beea797ad696a7bbcc2855c308bd30c8ad5a43fb2e44bc28b1ca618264d747e3039eb3d43da18a69ecf345c5c5c3070a3b01875c63e7e3efd2fc911a11efdbbfbff5c30741f9eb46cae85f41acb0f8d680be140a7abbec5b5580124d85a5d10b95bd0240df310403973dd330c88f5a9a8f4974bb2e215eb58eb36edb996589244ace1c2232c4c7953e484b216405d8be4398020678e3d67acf4de695664790c49c9718f48ff5c305c5c8cff5c30af4a12590f1cbb1edee58e7db3f7fb8ebdade99a6c25e80d7aa35d458b6a6b5c22aaab1457f9bcb571e5858ade96c910338290916aa7b8180b290709a8e9c05757571d8fad7190b2b18f5d75a596123cc939244b91ee8fccbb63b865fda33fe22439eb3d69929d6580ca915c2238200e0aaa3db39c01dcf7ebd491f9679b671f73fb74f8c269743047f3ea5a2c813d0c0ae9b686b8ea319da24d1084b8d5da430332052a44c0192e2667ba435c5cb6d546ab26a95da04f6cda501a618b208597784498c94149c1b0c23f3028e6163dd39eb3d35e0161900946015881cfb003bb635c27fafb9ee73d2c0eeb90ac403d8e3b67f9fdfa61ab44c7d1c832da1adae06815d4ef7b204df0ff5c302148f74b53292926c09c8f9879918ed5c92bd35764cb453702e9a5726ef256bf8f7a5c222609913297247915ad647e6195ae1b26c7a9c1310d99f59eb3d3c551e630e649f75c5c67b01d876c7f2eb4b8013b7dc7efee40f9efedd45dfbab904c316d4720393aa356b4a6daab0c901a6c78cd65ca64da5c225c22104105c348185c27079eb3d67add1a2f718ec0e07b7dc0ff5c30cff9f5afafffd9);

-- --------------------------------------------------------

--
-- Table structure for table `images_log`
--

CREATE TABLE `images_log` (
  `id` int(11) NOT NULL,
  `createdDate` datetime NOT NULL DEFAULT CURRENT_TIMESTAMP,
  `modifiedDate` datetime NOT NULL DEFAULT CURRENT_TIMESTAMP,
  `modifiedBy` int(11) NOT NULL,
  `action` varchar(32) NOT NULL
) ENGINE=InnoDB DEFAULT CHARSET=latin1;

-- --------------------------------------------------------

--
-- Table structure for table `ingredient`
--

CREATE TABLE `ingredient` (
  `id` int(11) NOT NULL,
  `name` varchar(512) NOT NULL,
  `description` varchar(1024) NOT NULL,
  `unit` varchar(32) NOT NULL,
  `amount` decimal(10,0) NOT NULL,
  `imageId` int(11) NOT NULL,
  `archived` tinyint(1) NOT NULL
) ENGINE=InnoDB DEFAULT CHARSET=latin1;

--
-- Dumping data for table `ingredient`
--

INSERT INTO `ingredient` (`id`, `name`, `description`, `unit`, `amount`, `imageId`, `archived`) VALUES
(1, 'Spama', 'Slices of Spams', 'slices', '1000', 18, 0),
(2, 'Egg', 'Piece of Egg', 'piece', '100', 17, 0),
(3, 'Rice', 'Cup of rice', 'cup', '100', 1, 0),
(4, 'Cucumber', 'Cucumber slices', 'piece', '100', 1, 0),
(5, 'Tomato', 'Slices of Tomato', 'slice', '100', 1, 0),
(6, 'Tapa', 'Grams of Tapa', 'gram', '1000', 1, 0),
(7, 'Tocino', 'Grams of Tocino', 'gram', '100', 1, 0),
(8, 'Hptdog', 'Pieces of Jumbo Hotdogs', 'piece', '100', 1, 0),
(9, 'Bacon', 'Pieces of BaconBSpam', 'piece', '100', 1, 0),
(11, 'Buns', 'Pieces of Buns', 'piece', '100', 1, 0),
(12, 'Mayonaise', 'Tablespoon of Mayonaise', 'tbsp', '100', 1, 0),
(13, 'Lettuce', 'Lettuce leaves', 'piece', '100', 1, 0),
(14, 'Burger Patty', 'Pieces of burger patty', 'piece', '100', 1, 0),
(15, 'Cheese', 'Slice of cheese', 'slice', '100', 1, 0),
(16, 'test', 'test', 'test', '1', 11, 0),
(19, 'New', 'New', 'gram', '3', 0, 0),
(20, 'NNNN', 'NNNNN', 'piece', '2', 0, 0),
(21, 'hhh', 'hhhh88', 'o', '88', 0, 0),
(22, 'test', 'test', 'piece', '1', 10, 0),
(23, 'asd', 'asd', 'asd', '1', 0, 0),
(24, 'test', 'test', 'slices', '1', 12, 0);

-- --------------------------------------------------------

--
-- Table structure for table `ingredient_log`
--

CREATE TABLE `ingredient_log` (
  `id` int(11) NOT NULL,
  `createdDate` datetime NOT NULL DEFAULT CURRENT_TIMESTAMP,
  `modifiedDate` datetime NOT NULL DEFAULT CURRENT_TIMESTAMP,
  `modifiedBy` int(11) NOT NULL,
  `action` varchar(32) NOT NULL,
  `ingredientId` int(11) NOT NULL,
  `name` varchar(512) NOT NULL,
  `description` varchar(1024) NOT NULL,
  `unit` varchar(32) NOT NULL,
  `amount` decimal(10,0) NOT NULL,
  `imageId` int(11) NOT NULL,
  `archived` tinyint(1) NOT NULL
) ENGINE=InnoDB DEFAULT CHARSET=latin1;

-- --------------------------------------------------------

--
-- Table structure for table `menu`
--

CREATE TABLE `menu` (
  `id` int(11) NOT NULL,
  `menuName` varchar(512) NOT NULL,
  `menuDescription` varchar(1024) NOT NULL,
  `menuStatus` varchar(32) NOT NULL,
  `price` decimal(10,0) NOT NULL,
  `rating` varchar(32) NOT NULL,
  `archived` tinyint(1) NOT NULL,
  `categoryId` int(11) NOT NULL,
  `subCategory` varchar(64) NOT NULL,
  `allergenId` int(11) NOT NULL,
  `imageFile` varchar(512) NOT NULL
) ENGINE=InnoDB DEFAULT CHARSET=latin1;

--
-- Dumping data for table `menu`
--

INSERT INTO `menu` (`id`, `menuName`, `menuDescription`, `menuStatus`, `price`, `rating`, `archived`, `categoryId`, `subCategory`, `allergenId`, `imageFile`) VALUES
(1, 'Baconsilog', 'Everybody loves bacon, even Filipinos. This meal is more or less a fusion of the American and Filipino cuisine.', 'Available', '95', 'Normal', 0, 1, '', 1, '9'),
(2, 'Tapsilog', 'Tapsilog', 'Not Available', '95', 'Best Seller', 0, 5, 'Regular', 3, '0'),
(3, 'Hotsilog', 'Hotsilog', 'Available', '95', 'Normal', 0, 1, '', 1, '7'),
(4, 'Tocilog', 'Tocilog', 'Available', '95', 'Normal', 1, 1, '', 1, ''),
(5, 'Spamsilog', 'Spamsilog', 'Available', '95', 'Normal', 0, 1, '', 1, ''),
(6, 'Bangsilog', 'Bangsilog', 'Available', '99', 'Normal', 0, 1, '', 1, ''),
(7, 'Cornsilog', 'Cornsilog', 'Available', '99', 'Normal', 0, 1, '', 1, ''),
(8, 'Breakfast Overload', 'Breakfast Overload', 'Available', '120', 'Normal', 0, 1, '', 1, ''),
(9, 'Porkchop', 'Porkchop', 'Available', '99', 'Normal', 0, 1, '', 1, ''),
(10, 'Fish Fillet', 'Fish Fillet', 'Available', '99', 'Normal', 0, 1, '', 1, ''),
(11, 'Fried Chicken', 'Fried Chicken', 'Available', '99', 'Normal', 0, 1, '', 1, ''),
(12, 'Liempo', 'Liempo', 'Available', '99', 'Normal', 0, 1, '', 1, ''),
(13, 'Pork BBQ', 'Pork BBQ', 'Available', '99', 'Normal', 0, 1, '', 1, ''),
(14, 'Torikatsu', 'Torikatsu', 'Available', '99', 'Normal', 0, 1, '', 1, ''),
(15, 'Sisig', 'Sisig', 'Available', '99', 'Normal', 0, 1, '', 1, ''),
(16, 'Lechon Kawali', 'Lechon Kawali', 'Available', '99', 'Normal', 0, 1, '', 1, ''),
(17, 'New', 'desc', 'Available', '100', 'Normal', 0, 1, '', 1, '4'),
(18, 'Test e', 'rete', 'Available', '1', 'Normal', 0, 1, '', 1, '0'),
(19, 'nnn', 'nn', 'Available', '5', 'Normal', 0, 1, '', 1, '8');

-- --------------------------------------------------------

--
-- Table structure for table `menu_allergen`
--

CREATE TABLE `menu_allergen` (
  `id` int(11) NOT NULL,
  `code` varchar(32) NOT NULL,
  `description` varchar(1024) NOT NULL,
  `archived` tinyint(1) NOT NULL
) ENGINE=InnoDB DEFAULT CHARSET=latin1;

--
-- Dumping data for table `menu_allergen`
--

INSERT INTO `menu_allergen` (`id`, `code`, `description`, `archived`) VALUES
(1, 'milk', 'Milk', 0),
(2, 'peanuts', 'Peanuts', 0),
(3, 'eggs', 'Eggs', 0),
(4, 'fish', 'Fish', 0),
(5, 'soy', 'Soy', 0),
(6, 'wheat', 'Wheat', 1),
(7, 'treenuts', 'Tree Nuts', 0),
(8, 'others', 'Others', 0),
(9, 'none', 'None', 0);

-- --------------------------------------------------------

--
-- Table structure for table `menu_allergen_log`
--

CREATE TABLE `menu_allergen_log` (
  `id` int(11) NOT NULL,
  `createdDate` datetime NOT NULL DEFAULT CURRENT_TIMESTAMP,
  `modifiedDate` datetime NOT NULL DEFAULT CURRENT_TIMESTAMP,
  `modifiedBy` int(11) NOT NULL,
  `action` varchar(32) NOT NULL,
  `allergenId` int(11) NOT NULL,
  `code` varchar(32) NOT NULL,
  `description` varchar(1024) NOT NULL,
  `archived` tinyint(1) NOT NULL
) ENGINE=InnoDB DEFAULT CHARSET=latin1;

-- --------------------------------------------------------

--
-- Table structure for table `menu_category`
--

CREATE TABLE `menu_category` (
  `id` int(11) NOT NULL,
  `code` varchar(32) NOT NULL,
  `description` varchar(1024) NOT NULL,
  `archived` tinyint(1) NOT NULL
) ENGINE=InnoDB DEFAULT CHARSET=latin1;

--
-- Dumping data for table `menu_category`
--

INSERT INTO `menu_category` (`id`, `code`, `description`, `archived`) VALUES
(1, 'breakfast', 'Breakfast Meals', 0),
(2, 'rice', 'Rice Meals', 0),
(3, 'pasta', 'Pastas', 0),
(4, 'burgers', 'Burgers', 0),
(5, 'pizza', 'Pizzas', 0),
(6, 'starters', 'Starters', 0),
(7, 'sandwiches', 'Sandwiches', 0),
(8, 'dessert', 'dessert', 0),
(9, 'fruitshakes', 'Fruit Shakes', 0),
(10, 'milkshakes', 'Milk Shakes', 0),
(11, 'refreshments', 'Refreshments', 0),
(12, 'coffee', 'Coffee', 0),
(13, 'test', 'test', 1);

-- --------------------------------------------------------

--
-- Table structure for table `menu_category_log`
--

CREATE TABLE `menu_category_log` (
  `id` int(11) NOT NULL,
  `createdDate` datetime NOT NULL,
  `modifiedDate` datetime NOT NULL,
  `modifiedBy` int(11) NOT NULL,
  `action` varchar(32) NOT NULL,
  `menuCategoryId` int(11) NOT NULL,
  `code` varchar(64) NOT NULL,
  `description` varchar(1024) NOT NULL,
  `archived` tinyint(1) NOT NULL
) ENGINE=InnoDB DEFAULT CHARSET=latin1;

-- --------------------------------------------------------

--
-- Table structure for table `menu_ingredient`
--

CREATE TABLE `menu_ingredient` (
  `id` int(11) NOT NULL,
  `ingredientId` int(11) NOT NULL,
  `menuId` int(11) NOT NULL,
  `amount` decimal(10,0) NOT NULL,
  `archived` tinyint(1) NOT NULL
) ENGINE=InnoDB DEFAULT CHARSET=latin1;

--
-- Dumping data for table `menu_ingredient`
--

INSERT INTO `menu_ingredient` (`id`, `ingredientId`, `menuId`, `amount`, `archived`) VALUES
(1, 2, 1, '4', 1),
(2, 2, 1, '1', 1),
(3, 3, 1, '1', 0),
(4, 4, 1, '1', 0),
(5, 5, 1, '1', 0),
(6, 6, 2, '75', 0),
(7, 2, 2, '1', 0),
(8, 3, 2, '1', 0),
(9, 4, 2, '1', 0),
(10, 5, 1, '1', 0),
(11, 2, 2, '1', 0),
(12, 1, 1, '1', 0),
(13, 7, 4, '100', 0);

-- --------------------------------------------------------

--
-- Table structure for table `menu_ingredient_log`
--

CREATE TABLE `menu_ingredient_log` (
  `id` int(11) NOT NULL,
  `createdDate` datetime NOT NULL DEFAULT CURRENT_TIMESTAMP,
  `modifiedDate` datetime NOT NULL DEFAULT CURRENT_TIMESTAMP,
  `modifiedBy` int(11) NOT NULL,
  `menuIngredientId` int(11) NOT NULL,
  `ingredientId` int(11) NOT NULL,
  `menuId` int(11) NOT NULL,
  `amount` decimal(10,0) NOT NULL,
  `archived` tinyint(1) NOT NULL
) ENGINE=InnoDB DEFAULT CHARSET=latin1;

-- --------------------------------------------------------

--
-- Table structure for table `menu_log`
--

CREATE TABLE `menu_log` (
  `id` int(11) NOT NULL,
  `createdDate` datetime NOT NULL,
  `modifiedDate` datetime NOT NULL,
  `modifiedBy` int(11) NOT NULL,
  `action` varchar(32) NOT NULL,
  `menuId` int(11) NOT NULL,
  `name` varchar(512) NOT NULL,
  `description` varchar(1024) NOT NULL,
  `price` decimal(10,0) NOT NULL,
  `status` varchar(32) NOT NULL,
  `categoryId` int(11) NOT NULL,
  `allergenId` int(11) NOT NULL,
  `rating` varchar(32) NOT NULL,
  `archived` tinyint(1) NOT NULL,
  `imageId` int(11) NOT NULL
) ENGINE=InnoDB DEFAULT CHARSET=latin1;

-- --------------------------------------------------------

--
-- Table structure for table `orders`
--

CREATE TABLE `orders` (
  `id` int(11) NOT NULL,
  `status` varchar(32) NOT NULL,
  `paid` tinyint(1) NOT NULL,
  `cash` tinyint(1) NOT NULL,
  `archived` tinyint(1) NOT NULL,
  `tableId` int(11) NOT NULL,
  `menuId` int(11) NOT NULL
) ENGINE=InnoDB DEFAULT CHARSET=latin1;

--
-- Dumping data for table `orders`
--

INSERT INTO `orders` (`id`, `status`, `paid`, `cash`, `archived`, `tableId`, `menuId`) VALUES
(1, 'Completed', 1, 1, 0, 2, 1),
(2, 'Completed', 1, 1, 0, 2, 1),
(3, 'Completed', 1, 1, 0, 2, 2),
(4, 'Completed', 1, 1, 0, 2, 2),
(5, 'Completed', 1, 1, 0, 2, 5),
(6, 'Completed', 1, 1, 0, 2, 1),
(7, 'Completed', 1, 1, 0, 2, 1),
(8, 'Completed', 1, 1, 0, 2, 2),
(9, 'Completed', 1, 1, 0, 2, 2),
(10, 'Completed', 1, 1, 0, 2, 5),
(11, 'Pending', 0, 0, 0, 4, 1),
(12, 'Pending', 0, 0, 0, 4, 1),
(13, 'Pending', 0, 0, 0, 4, 2),
(14, 'Pending', 0, 0, 0, 4, 5),
(15, 'Pending', 0, 0, 0, 4, 8),
(16, 'Pending', 0, 0, 0, 12, 1),
(17, 'Pending', 0, 0, 0, 12, 2),
(18, 'Pending', 0, 0, 0, 8, 1),
(19, 'Pending', 0, 0, 0, 8, 2),
(20, 'Pending', 0, 0, 0, 8, 2),
(21, 'Pending', 0, 0, 0, 8, 6),
(22, 'Pending', 0, 0, 0, 10, 1),
(23, 'Pending', 0, 0, 0, 10, 2),
(24, 'Completed', 1, 1, 0, 2, 1),
(25, 'Completed', 1, 1, 0, 2, 1),
(26, 'Completed', 1, 1, 0, 2, 2),
(27, 'Completed', 1, 1, 0, 2, 2),
(28, 'Completed', 1, 1, 0, 2, 5),
(29, 'Completed', 1, 1, 0, 2, 1),
(30, 'Completed', 1, 1, 0, 2, 1),
(31, 'Completed', 1, 1, 0, 2, 2),
(32, 'Completed', 1, 1, 0, 2, 2),
(33, 'Completed', 1, 1, 0, 2, 5),
(34, 'Completed', 0, 0, 0, 4, 1),
(35, 'Completed', 0, 0, 0, 4, 1),
(36, 'Completed', 0, 0, 0, 4, 2),
(37, 'Completed', 0, 0, 0, 4, 5),
(38, 'Completed', 0, 0, 0, 4, 8),
(39, 'Completed', 0, 0, 0, 12, 1),
(40, 'Completed', 0, 0, 0, 12, 2),
(41, 'Completed', 0, 0, 0, 8, 1),
(42, 'Completed', 0, 0, 0, 8, 2),
(43, 'Completed', 0, 0, 0, 8, 2),
(44, 'Completed', 0, 0, 0, 8, 6),
(45, 'Completed', 0, 0, 0, 10, 1),
(46, 'Completed', 0, 0, 0, 10, 2),
(47, 'Completed', 0, 0, 0, 10, 2),
(48, 'Completed', 0, 0, 0, 10, 2),
(49, 'Completed', 0, 0, 0, 10, 2),
(50, 'Completed', 0, 0, 0, 10, 2),
(51, 'Completed', 0, 0, 0, 10, 2),
(52, 'Completed', 0, 0, 0, 10, 2),
(53, 'Completed', 0, 0, 0, 10, 2),
(54, 'Completed', 0, 0, 0, 10, 2),
(55, 'Completed', 0, 0, 0, 10, 2),
(56, 'Completed', 0, 0, 0, 10, 2),
(57, 'Completed', 0, 0, 0, 10, 2),
(58, 'Completed', 0, 0, 0, 10, 1),
(59, 'Completed', 0, 0, 0, 10, 1),
(60, 'Completed', 0, 0, 0, 10, 1),
(61, 'Completed', 0, 0, 0, 10, 2),
(62, 'Completed', 0, 0, 0, 10, 2),
(63, 'Completed', 0, 0, 0, 10, 2),
(64, 'Completed', 0, 0, 0, 10, 3),
(65, 'Completed', 0, 0, 0, 10, 3),
(66, 'Completed', 0, 0, 0, 10, 3),
(67, 'Completed', 0, 0, 0, 10, 4),
(68, 'Completed', 0, 0, 0, 10, 4),
(69, 'Completed', 0, 0, 0, 10, 4),
(70, 'Completed', 0, 0, 0, 10, 4),
(71, 'Completed', 0, 0, 0, 10, 4),
(72, 'Completed', 0, 0, 0, 10, 5),
(73, 'Completed', 0, 0, 0, 10, 5),
(74, 'Completed', 0, 0, 0, 10, 5),
(75, 'Completed', 0, 0, 0, 10, 5),
(76, 'Completed', 0, 0, 0, 10, 6),
(77, 'Completed', 0, 0, 0, 10, 6),
(78, 'Completed', 0, 0, 0, 10, 6),
(79, 'Completed', 0, 0, 0, 10, 6),
(80, 'Completed', 0, 0, 0, 10, 6),
(81, 'Completed', 0, 0, 0, 10, 7),
(82, 'Completed', 0, 0, 0, 10, 7),
(83, 'Completed', 0, 0, 0, 10, 8),
(84, 'Completed', 0, 0, 0, 10, 8),
(85, 'Completed', 0, 0, 0, 10, 9),
(86, 'Completed', 0, 0, 0, 10, 9),
(87, 'Completed', 0, 0, 0, 10, 9),
(88, 'Completed', 0, 0, 0, 10, 9),
(89, 'Completed', 0, 0, 0, 10, 9),
(90, 'Completed', 0, 0, 0, 10, 9),
(91, 'Pending', 0, 0, 0, 14, 2),
(92, 'Pending', 0, 0, 0, 14, 2),
(93, 'Pending', 0, 0, 0, 14, 3),
(94, 'Pending', 0, 0, 0, 14, 1);

-- --------------------------------------------------------

--
-- Table structure for table `orders_log`
--

CREATE TABLE `orders_log` (
  `id` int(11) NOT NULL,
  `createdDate` datetime NOT NULL DEFAULT CURRENT_TIMESTAMP,
  `modifiedDate` datetime NOT NULL DEFAULT CURRENT_TIMESTAMP,
  `modifiedBy` varchar(32) NOT NULL,
  `action` varchar(32) NOT NULL,
  `orderId` int(11) NOT NULL,
  `tableId` int(11) NOT NULL,
  `menuId` int(11) NOT NULL,
  `status` varchar(32) NOT NULL,
  `paid` tinyint(1) NOT NULL,
  `cash` tinyint(1) NOT NULL,
  `archived` tinyint(1) NOT NULL
) ENGINE=InnoDB DEFAULT CHARSET=latin1;

--
-- Dumping data for table `orders_log`
--

INSERT INTO `orders_log` (`id`, `createdDate`, `modifiedDate`, `modifiedBy`, `action`, `orderId`, `tableId`, `menuId`, `status`, `paid`, `cash`, `archived`) VALUES
(1, '2018-03-18 09:32:05', '2018-03-18 09:32:05', 'alpha', 'added', 1, 2, 1, 'Pending', 0, 0, 0),
(2, '2018-03-18 09:32:05', '2018-03-18 09:32:05', 'alpha', 'added', 2, 2, 1, 'Pending', 0, 0, 0),
(3, '2018-03-18 09:32:05', '2018-03-18 09:32:05', 'alpha', 'added', 3, 2, 2, 'Pending', 0, 0, 0),
(4, '2018-03-18 09:32:05', '2018-03-18 09:32:05', 'alpha', 'added', 4, 2, 2, 'Pending', 0, 0, 0),
(5, '2018-03-18 09:32:05', '2018-03-18 09:32:05', 'alpha', 'added', 5, 2, 5, 'Pending', 0, 0, 0),
(6, '2018-03-18 09:33:36', '2018-03-18 09:33:36', 'alpha', 'added', 6, 2, 1, 'Pending', 0, 0, 0),
(7, '2018-03-18 09:33:36', '2018-03-18 09:33:36', 'alpha', 'added', 7, 2, 1, 'Pending', 0, 0, 0),
(8, '2018-03-18 09:33:36', '2018-03-18 09:33:36', 'alpha', 'added', 8, 2, 2, 'Pending', 0, 0, 0),
(9, '2018-03-18 09:33:36', '2018-03-18 09:33:36', 'alpha', 'added', 9, 2, 2, 'Pending', 0, 0, 0),
(10, '2018-03-18 09:33:36', '2018-03-18 09:33:36', 'alpha', 'added', 10, 2, 5, 'Pending', 0, 0, 0),
(11, '2018-03-18 11:12:34', '2018-03-18 11:12:34', 'alpha', 'added', 11, 4, 1, 'Pending', 0, 0, 0),
(12, '2018-03-18 11:12:34', '2018-03-18 11:12:34', 'alpha', 'added', 12, 4, 1, 'Pending', 0, 0, 0),
(13, '2018-03-18 11:12:34', '2018-03-18 11:12:34', 'alpha', 'added', 13, 4, 2, 'Pending', 0, 0, 0),
(14, '2018-03-18 11:12:34', '2018-03-18 11:12:34', 'alpha', 'added', 14, 4, 5, 'Pending', 0, 0, 0),
(15, '2018-03-18 11:12:34', '2018-03-18 11:12:34', 'alpha', 'added', 15, 4, 8, 'Pending', 0, 0, 0),
(16, '2018-03-18 11:16:11', '2018-03-18 11:16:11', 'alpha', 'added', 16, 12, 1, 'Pending', 0, 0, 0),
(17, '2018-03-18 11:16:11', '2018-03-18 11:16:11', 'alpha', 'added', 17, 12, 2, 'Pending', 0, 0, 0),
(18, '2018-03-18 18:59:20', '2018-03-18 18:59:20', 'alpha', 'added', 18, 8, 1, 'Pending', 0, 0, 0),
(19, '2018-03-18 18:59:20', '2018-03-18 18:59:20', 'alpha', 'added', 19, 8, 2, 'Pending', 0, 0, 0),
(20, '2018-03-18 18:59:20', '2018-03-18 18:59:20', 'alpha', 'added', 20, 8, 2, 'Pending', 0, 0, 0),
(21, '2018-03-18 18:59:20', '2018-03-18 18:59:20', 'alpha', 'added', 21, 8, 6, 'Pending', 0, 0, 0),
(22, '2018-03-18 19:58:24', '2018-03-18 19:58:24', 'cashier', 'updated', 1, 2, 1, 'Completed', 1, 1, 0),
(23, '2018-03-18 19:58:24', '2018-03-18 19:58:24', 'cashier', 'updated', 2, 2, 1, 'Completed', 1, 1, 0),
(24, '2018-03-18 19:58:24', '2018-03-18 19:58:24', 'cashier', 'updated', 3, 2, 2, 'Completed', 1, 1, 0),
(25, '2018-03-18 19:58:24', '2018-03-18 19:58:24', 'cashier', 'updated', 4, 2, 2, 'Completed', 1, 1, 0),
(26, '2018-03-18 19:58:24', '2018-03-18 19:58:24', 'cashier', 'updated', 5, 2, 5, 'Completed', 1, 1, 0),
(27, '2018-03-18 19:58:24', '2018-03-18 19:58:24', 'cashier', 'updated', 6, 2, 1, 'Completed', 1, 1, 0),
(28, '2018-03-18 19:58:24', '2018-03-18 19:58:24', 'cashier', 'updated', 7, 2, 1, 'Completed', 1, 1, 0),
(29, '2018-03-18 19:58:24', '2018-03-18 19:58:24', 'cashier', 'updated', 8, 2, 2, 'Completed', 1, 1, 0),
(30, '2018-03-18 19:58:24', '2018-03-18 19:58:24', 'cashier', 'updated', 9, 2, 2, 'Completed', 1, 1, 0),
(31, '2018-03-18 19:58:24', '2018-03-18 19:58:24', 'cashier', 'updated', 10, 2, 5, 'Completed', 1, 1, 0),
(32, '2018-03-20 16:18:35', '2018-03-20 16:18:35', 'alpha', 'added', 22, 10, 1, 'Pending', 0, 0, 0),
(33, '2018-03-20 16:18:35', '2018-03-20 16:18:35', 'alpha', 'added', 23, 10, 2, 'Pending', 0, 0, 0),
(34, '2018-03-12 09:32:05', '2018-03-18 09:32:05', 'cashier', 'updated', 24, 2, 1, 'Completed', 0, 0, 0),
(35, '2018-03-12 09:32:05', '2018-03-18 09:32:05', 'cashier', 'updated', 25, 2, 1, 'Completed', 0, 0, 0),
(36, '2018-03-12 09:32:05', '2018-03-18 09:32:05', 'cashier', 'updated', 26, 2, 2, 'Completed', 0, 0, 0),
(37, '2018-03-13 09:32:05', '2018-03-18 09:32:05', 'cashier', 'updated', 27, 2, 2, 'Completed', 0, 0, 0),
(38, '2018-03-13 09:32:05', '2018-03-18 09:32:05', 'cashier', 'updated', 28, 2, 5, 'Completed', 0, 0, 0),
(39, '2018-03-14 09:33:36', '2018-03-18 09:33:36', 'cashier', 'updated', 29, 2, 1, 'Completed', 0, 0, 0),
(40, '2018-03-14 09:33:36', '2018-03-18 09:33:36', 'cashier', 'updated', 30, 2, 1, 'Completed', 0, 0, 0),
(41, '2018-03-15 09:33:36', '2018-03-18 09:33:36', 'cashier', 'updated', 31, 2, 2, 'Completed', 0, 0, 0),
(42, '2018-03-15 09:33:36', '2018-03-18 09:33:36', 'cashier', 'updated', 32, 2, 2, 'Completed', 0, 0, 0),
(43, '2018-03-15 09:33:36', '2018-03-18 09:33:36', 'cashier', 'updated', 33, 2, 5, 'Completed', 0, 0, 0),
(44, '2018-03-16 11:12:34', '2018-03-18 11:12:34', 'cashier', 'updated', 34, 4, 1, 'Completed', 0, 0, 0),
(45, '2018-03-16 11:12:34', '2018-03-18 11:12:34', 'cashier', 'updated', 35, 4, 1, 'Completed', 0, 0, 0),
(46, '2018-03-17 11:12:34', '2018-03-18 11:12:34', 'cashier', 'updated', 36, 4, 2, 'Completed', 0, 0, 0),
(47, '2018-03-17 11:12:34', '2018-03-18 11:12:34', 'cashier', 'updated', 37, 4, 5, 'Completed', 0, 0, 0),
(48, '2018-03-17 11:12:34', '2018-03-18 11:12:34', 'cashier', 'updated', 38, 4, 8, 'Completed', 0, 0, 0),
(49, '2018-03-17 11:16:11', '2018-03-18 11:16:11', 'cashier', 'updated', 39, 12, 1, 'Completed', 0, 0, 0),
(50, '2018-03-19 11:16:11', '2018-03-18 11:16:11', 'cashier', 'updated', 40, 12, 2, 'Completed', 0, 0, 0),
(51, '2018-03-19 18:59:20', '2018-03-18 18:59:20', 'cashier', 'updated', 41, 8, 1, 'Completed', 0, 0, 0),
(52, '2018-03-20 18:59:20', '2018-03-18 18:59:20', 'cashier', 'updated', 42, 8, 2, 'Completed', 0, 0, 0),
(53, '2018-03-21 18:59:20', '2018-03-18 18:59:20', 'cashier', 'updated', 43, 8, 2, 'Completed', 0, 0, 0),
(54, '2018-03-22 18:59:20', '2018-03-18 18:59:20', 'cashier', 'updated', 44, 8, 6, 'Completed', 0, 0, 0),
(55, '2018-03-23 19:58:24', '2018-03-18 19:58:24', 'cashier', 'updated', 45, 2, 1, 'Completed', 1, 1, 0),
(56, '2018-03-24 19:58:24', '2018-03-18 19:58:24', 'cashier', 'updated', 46, 2, 1, 'Completed', 1, 1, 0),
(57, '2018-03-25 19:58:24', '2018-03-18 19:58:24', 'cashier', 'updated', 47, 2, 2, 'Completed', 1, 1, 0),
(58, '2018-03-26 19:58:24', '2018-03-18 19:58:24', 'cashier', 'updated', 48, 2, 2, 'Completed', 1, 1, 0),
(59, '2018-03-27 19:58:24', '2018-03-18 19:58:24', 'cashier', 'updated', 49, 2, 5, 'Completed', 1, 1, 0),
(60, '2018-03-28 19:58:24', '2018-03-18 19:58:24', 'cashier', 'updated', 50, 2, 1, 'Completed', 1, 1, 0),
(61, '2018-03-29 19:58:24', '2018-03-18 19:58:24', 'cashier', 'updated', 51, 2, 1, 'Completed', 1, 1, 0),
(62, '2018-03-30 19:58:24', '2018-03-18 19:58:24', 'cashier', 'updated', 52, 2, 2, 'Completed', 1, 1, 0),
(63, '2018-03-31 19:58:24', '2018-03-18 19:58:24', 'cashier', 'updated', 53, 2, 2, 'Completed', 1, 1, 0),
(64, '2018-04-01 19:58:24', '2018-03-18 19:58:24', 'cashier', 'updated', 54, 2, 5, 'Completed', 1, 1, 0),
(65, '2018-04-02 16:18:35', '2018-03-20 16:18:35', 'alpha', 'added', 22, 45, 1, 'Pending', 0, 0, 0),
(66, '2018-04-23 16:18:35', '2018-03-20 16:18:35', 'alpha', 'added', 23, 46, 2, 'Pending', 0, 0, 0),
(68, '2018-04-01 19:58:24', '2018-03-18 19:58:24', 'cashier', 'updated', 57, 2, 5, 'Completed', 1, 1, 0),
(69, '2018-04-02 19:58:24', '2018-03-18 19:58:24', 'cashier', 'updated', 58, 1, 5, 'Completed', 1, 1, 0),
(70, '2018-04-02 19:58:24', '2018-03-18 19:58:24', 'cashier', 'updated', 59, 1, 5, 'Completed', 1, 1, 0),
(71, '2018-04-03 19:58:24', '2018-03-18 19:58:24', 'cashier', 'updated', 60, 1, 5, 'Completed', 1, 1, 0),
(72, '2018-04-03 19:58:24', '2018-03-18 19:58:24', 'cashier', 'updated', 61, 2, 5, 'Completed', 1, 1, 0),
(73, '2018-04-03 19:58:24', '2018-03-18 19:58:24', 'cashier', 'updated', 62, 2, 5, 'Completed', 1, 1, 0),
(74, '2018-04-04 19:58:24', '2018-03-18 19:58:24', 'cashier', 'updated', 63, 2, 5, 'Completed', 1, 1, 0),
(75, '2018-04-05 19:58:24', '2018-03-18 19:58:24', 'cashier', 'updated', 64, 3, 5, 'Completed', 1, 1, 0),
(76, '2018-04-05 19:58:24', '2018-03-18 19:58:24', 'cashier', 'updated', 65, 3, 5, 'Completed', 1, 1, 0),
(77, '2018-04-06 19:58:24', '2018-03-18 19:58:24', 'cashier', 'updated', 66, 3, 5, 'Completed', 1, 1, 0),
(78, '2018-04-06 19:58:24', '2018-03-18 19:58:24', 'cashier', 'updated', 67, 4, 5, 'Completed', 1, 1, 0),
(79, '2018-04-06 19:58:24', '2018-03-18 19:58:24', 'cashier', 'updated', 68, 4, 5, 'Completed', 1, 1, 0),
(80, '2018-04-07 19:58:24', '2018-03-18 19:58:24', 'cashier', 'updated', 69, 4, 5, 'Completed', 1, 1, 0),
(81, '2018-04-08 19:58:24', '2018-03-18 19:58:24', 'cashier', 'updated', 70, 4, 5, 'Completed', 1, 1, 0),
(82, '2018-04-09 19:58:24', '2018-03-18 19:58:24', 'cashier', 'updated', 71, 4, 5, 'Completed', 1, 1, 0),
(83, '2018-04-10 19:58:24', '2018-03-18 19:58:24', 'cashier', 'updated', 72, 5, 5, 'Completed', 1, 1, 0),
(84, '2018-04-11 19:58:24', '2018-03-18 19:58:24', 'cashier', 'updated', 73, 5, 5, 'Completed', 1, 1, 0),
(85, '2018-04-12 19:58:24', '2018-03-18 19:58:24', 'cashier', 'updated', 74, 5, 5, 'Completed', 1, 1, 0),
(86, '2018-04-13 19:58:24', '2018-03-18 19:58:24', 'cashier', 'updated', 75, 5, 5, 'Completed', 1, 1, 0),
(87, '2018-04-14 19:58:24', '2018-03-18 19:58:24', 'cashier', 'updated', 76, 6, 5, 'Completed', 1, 1, 0),
(88, '2018-04-15 19:58:24', '2018-03-18 19:58:24', 'cashier', 'updated', 77, 6, 5, 'Completed', 1, 1, 0),
(89, '2018-04-16 19:58:24', '2018-03-18 19:58:24', 'cashier', 'updated', 78, 6, 5, 'Completed', 1, 1, 0),
(90, '2018-04-17 19:58:24', '2018-03-18 19:58:24', 'cashier', 'updated', 79, 6, 5, 'Completed', 1, 1, 0),
(91, '2018-04-18 19:58:24', '2018-03-18 19:58:24', 'cashier', 'updated', 80, 6, 5, 'Completed', 1, 1, 0),
(92, '2018-04-19 19:58:24', '2018-03-18 19:58:24', 'cashier', 'updated', 81, 7, 5, 'Completed', 1, 1, 0),
(93, '2018-04-20 19:58:24', '2018-03-18 19:58:24', 'cashier', 'updated', 82, 7, 5, 'Completed', 1, 1, 0),
(94, '2018-04-21 19:58:24', '2018-03-18 19:58:24', 'cashier', 'updated', 83, 8, 5, 'Completed', 1, 1, 0),
(95, '2018-04-22 19:58:24', '2018-03-18 19:58:24', 'cashier', 'updated', 84, 8, 5, 'Completed', 1, 1, 0),
(96, '2018-04-23 19:58:24', '2018-03-18 19:58:24', 'cashier', 'updated', 85, 9, 5, 'Completed', 1, 1, 0),
(97, '2018-04-24 19:58:24', '2018-03-18 19:58:24', 'cashier', 'updated', 86, 9, 5, 'Completed', 1, 1, 0),
(98, '2018-04-25 19:58:24', '2018-03-18 19:58:24', 'cashier', 'updated', 87, 9, 5, 'Completed', 1, 1, 0),
(99, '2018-04-26 19:58:24', '2018-03-18 19:58:24', 'cashier', 'updated', 88, 9, 5, 'Completed', 1, 1, 0),
(100, '2018-04-27 19:58:24', '2018-03-18 19:58:24', 'cashier', 'updated', 89, 9, 5, 'Completed', 1, 1, 0),
(101, '2018-04-28 19:58:24', '2018-03-18 19:58:24', 'cashier', 'updated', 90, 9, 5, 'Completed', 1, 1, 0),
(102, '2018-03-22 13:14:51', '2018-03-22 13:14:51', 'alpha', 'added', 91, 14, 2, 'Pending', 0, 0, 0),
(103, '2018-03-22 13:14:51', '2018-03-22 13:14:51', 'alpha', 'added', 92, 14, 2, 'Pending', 0, 0, 0),
(104, '2018-03-22 13:14:51', '2018-03-22 13:14:51', 'alpha', 'added', 93, 14, 3, 'Pending', 0, 0, 0),
(105, '2018-03-22 13:14:51', '2018-03-22 13:14:51', 'alpha', 'added', 94, 14, 1, 'Pending', 0, 0, 0);

-- --------------------------------------------------------

--
-- Table structure for table `users`
--

CREATE TABLE `users` (
  `id` int(11) NOT NULL,
  `username` varchar(64) NOT NULL,
  `userPassword` varchar(64) NOT NULL,
  `userType` varchar(64) NOT NULL,
  `archived` tinyint(4) NOT NULL
) ENGINE=InnoDB DEFAULT CHARSET=latin1;

--
-- Dumping data for table `users`
--

INSERT INTO `users` (`id`, `username`, `userPassword`, `userType`, `archived`) VALUES
(1, 'super1', 'super1', 'superadmin', 0),
(2, 'admin', 'admin', 'admin', 0),
(3, 'cashier', 'cashier', 'cashier', 1),
(4, 'kitchen', 'kitchen', 'kitchen', 0),
(5, 'alpha', 'alpha', 'waiter', 1),
(6, 'bravo', 'bravo', 'waiter', 0),
(7, 'charlie', 'charlie', 'waiter', 0),
(8, 'delta', 'delta', 'waiter', 0),
(9, 'echo', 'echo', 'waiter', 0),
(10, 'foxtrot', 'foxtrot', 'waiter', 0),
(11, 'golf', 'golf', 'waiter', 0),
(12, 'hotel', 'hotel', 'waiter', 0),
(13, 'india', 'india', 'waiter', 0),
(14, 'juliet', 'juliet', 'waiter', 0),
(15, 'kilo', 'kilo', 'waiter', 0),
(16, 'lima', 'lima', 'waiter', 0),
(17, 'mike', 'mike', 'waiter', 0),
(18, 'november', 'november', 'waiter', 0),
(19, 'test', 'test', 'superadmin', 0);

-- --------------------------------------------------------

--
-- Table structure for table `users_log`
--

CREATE TABLE `users_log` (
  `id` int(11) NOT NULL,
  `createdDate` datetime NOT NULL DEFAULT CURRENT_TIMESTAMP,
  `modifiedDate` datetime NOT NULL DEFAULT CURRENT_TIMESTAMP,
  `modifiedBy` varchar(32) NOT NULL,
  `action` varchar(32) NOT NULL,
  `description` varchar(1024) NOT NULL
) ENGINE=InnoDB DEFAULT CHARSET=latin1;

--
-- Indexes for dumped tables
--

--
-- Indexes for table `customer_table`
--
ALTER TABLE `customer_table`
  ADD PRIMARY KEY (`id`),
  ADD KEY `id` (`id`);

--
-- Indexes for table `customer_table_log`
--
ALTER TABLE `customer_table_log`
  ADD PRIMARY KEY (`id`),
  ADD KEY `id` (`id`),
  ADD KEY `modifiedBy` (`modifiedBy`),
  ADD KEY `tableId` (`tableId`);

--
-- Indexes for table `images`
--
ALTER TABLE `images`
  ADD PRIMARY KEY (`id`),
  ADD KEY `id` (`id`);

--
-- Indexes for table `images_log`
--
ALTER TABLE `images_log`
  ADD PRIMARY KEY (`id`),
  ADD KEY `id` (`id`),
  ADD KEY `modifiedBy` (`modifiedBy`);

--
-- Indexes for table `ingredient`
--
ALTER TABLE `ingredient`
  ADD PRIMARY KEY (`id`),
  ADD KEY `id` (`id`),
  ADD KEY `imageId` (`imageId`);

--
-- Indexes for table `ingredient_log`
--
ALTER TABLE `ingredient_log`
  ADD PRIMARY KEY (`id`),
  ADD KEY `id` (`id`),
  ADD KEY `modifiedBy` (`modifiedBy`),
  ADD KEY `imageId` (`imageId`);

--
-- Indexes for table `menu`
--
ALTER TABLE `menu`
  ADD PRIMARY KEY (`id`),
  ADD KEY `id` (`id`),
  ADD KEY `allergenId` (`allergenId`),
  ADD KEY `categoryId` (`categoryId`);

--
-- Indexes for table `menu_allergen`
--
ALTER TABLE `menu_allergen`
  ADD PRIMARY KEY (`id`),
  ADD KEY `id` (`id`);

--
-- Indexes for table `menu_allergen_log`
--
ALTER TABLE `menu_allergen_log`
  ADD PRIMARY KEY (`id`),
  ADD KEY `id` (`id`),
  ADD KEY `allergenId` (`allergenId`),
  ADD KEY `modifiedBy` (`modifiedBy`);

--
-- Indexes for table `menu_category`
--
ALTER TABLE `menu_category`
  ADD PRIMARY KEY (`id`),
  ADD KEY `id` (`id`);

--
-- Indexes for table `menu_category_log`
--
ALTER TABLE `menu_category_log`
  ADD PRIMARY KEY (`id`),
  ADD KEY `id` (`id`),
  ADD KEY `modifiedBy` (`modifiedBy`),
  ADD KEY `menuCategoryId` (`menuCategoryId`);

--
-- Indexes for table `menu_ingredient`
--
ALTER TABLE `menu_ingredient`
  ADD PRIMARY KEY (`id`),
  ADD KEY `id` (`id`),
  ADD KEY `menuId` (`menuId`),
  ADD KEY `ingredientId` (`ingredientId`);

--
-- Indexes for table `menu_ingredient_log`
--
ALTER TABLE `menu_ingredient_log`
  ADD PRIMARY KEY (`id`),
  ADD KEY `id` (`id`),
  ADD KEY `ingredientId` (`ingredientId`),
  ADD KEY `menuId` (`menuId`),
  ADD KEY `menuIngredientId` (`menuIngredientId`),
  ADD KEY `modifiedBy` (`modifiedBy`);

--
-- Indexes for table `menu_log`
--
ALTER TABLE `menu_log`
  ADD PRIMARY KEY (`id`),
  ADD KEY `id` (`id`),
  ADD KEY `allergenId` (`allergenId`),
  ADD KEY `categoryId` (`categoryId`),
  ADD KEY `imageId` (`imageId`),
  ADD KEY `menuId` (`menuId`),
  ADD KEY `modifiedBy` (`modifiedBy`);

--
-- Indexes for table `orders`
--
ALTER TABLE `orders`
  ADD PRIMARY KEY (`id`),
  ADD KEY `id` (`id`),
  ADD KEY `tableId` (`tableId`),
  ADD KEY `menuId` (`menuId`);

--
-- Indexes for table `orders_log`
--
ALTER TABLE `orders_log`
  ADD PRIMARY KEY (`id`),
  ADD KEY `id` (`id`);

--
-- Indexes for table `users`
--
ALTER TABLE `users`
  ADD PRIMARY KEY (`id`),
  ADD KEY `id` (`id`);

--
-- Indexes for table `users_log`
--
ALTER TABLE `users_log`
  ADD PRIMARY KEY (`id`),
  ADD KEY `id` (`id`),
  ADD KEY `modifiedBy` (`modifiedBy`);

--
-- AUTO_INCREMENT for dumped tables
--

--
-- AUTO_INCREMENT for table `customer_table`
--
ALTER TABLE `customer_table`
  MODIFY `id` int(11) NOT NULL AUTO_INCREMENT, AUTO_INCREMENT=15;

--
-- AUTO_INCREMENT for table `customer_table_log`
--
ALTER TABLE `customer_table_log`
  MODIFY `id` int(11) NOT NULL AUTO_INCREMENT;

--
-- AUTO_INCREMENT for table `images`
--
ALTER TABLE `images`
  MODIFY `id` int(11) NOT NULL AUTO_INCREMENT, AUTO_INCREMENT=19;

--
-- AUTO_INCREMENT for table `images_log`
--
ALTER TABLE `images_log`
  MODIFY `id` int(11) NOT NULL AUTO_INCREMENT;

--
-- AUTO_INCREMENT for table `ingredient`
--
ALTER TABLE `ingredient`
  MODIFY `id` int(11) NOT NULL AUTO_INCREMENT, AUTO_INCREMENT=25;

--
-- AUTO_INCREMENT for table `ingredient_log`
--
ALTER TABLE `ingredient_log`
  MODIFY `id` int(11) NOT NULL AUTO_INCREMENT;

--
-- AUTO_INCREMENT for table `menu`
--
ALTER TABLE `menu`
  MODIFY `id` int(11) NOT NULL AUTO_INCREMENT, AUTO_INCREMENT=20;

--
-- AUTO_INCREMENT for table `menu_allergen`
--
ALTER TABLE `menu_allergen`
  MODIFY `id` int(11) NOT NULL AUTO_INCREMENT, AUTO_INCREMENT=10;

--
-- AUTO_INCREMENT for table `menu_allergen_log`
--
ALTER TABLE `menu_allergen_log`
  MODIFY `id` int(11) NOT NULL AUTO_INCREMENT;

--
-- AUTO_INCREMENT for table `menu_category`
--
ALTER TABLE `menu_category`
  MODIFY `id` int(11) NOT NULL AUTO_INCREMENT, AUTO_INCREMENT=14;

--
-- AUTO_INCREMENT for table `menu_category_log`
--
ALTER TABLE `menu_category_log`
  MODIFY `id` int(11) NOT NULL AUTO_INCREMENT;

--
-- AUTO_INCREMENT for table `menu_ingredient`
--
ALTER TABLE `menu_ingredient`
  MODIFY `id` int(11) NOT NULL AUTO_INCREMENT, AUTO_INCREMENT=14;

--
-- AUTO_INCREMENT for table `menu_ingredient_log`
--
ALTER TABLE `menu_ingredient_log`
  MODIFY `id` int(11) NOT NULL AUTO_INCREMENT;

--
-- AUTO_INCREMENT for table `menu_log`
--
ALTER TABLE `menu_log`
  MODIFY `id` int(11) NOT NULL AUTO_INCREMENT;

--
-- AUTO_INCREMENT for table `orders`
--
ALTER TABLE `orders`
  MODIFY `id` int(11) NOT NULL AUTO_INCREMENT, AUTO_INCREMENT=95;

--
-- AUTO_INCREMENT for table `orders_log`
--
ALTER TABLE `orders_log`
  MODIFY `id` int(11) NOT NULL AUTO_INCREMENT, AUTO_INCREMENT=106;

--
-- AUTO_INCREMENT for table `users`
--
ALTER TABLE `users`
  MODIFY `id` int(11) NOT NULL AUTO_INCREMENT, AUTO_INCREMENT=20;

--
-- AUTO_INCREMENT for table `users_log`
--
ALTER TABLE `users_log`
  MODIFY `id` int(11) NOT NULL AUTO_INCREMENT;

--
-- Constraints for dumped tables
--

--
-- Constraints for table `customer_table_log`
--
ALTER TABLE `customer_table_log`
  ADD CONSTRAINT `customer_table_log_ibfk_1` FOREIGN KEY (`modifiedBy`) REFERENCES `users` (`id`),
  ADD CONSTRAINT `customer_table_log_ibfk_2` FOREIGN KEY (`tableId`) REFERENCES `customer_table` (`id`);

--
-- Constraints for table `images_log`
--
ALTER TABLE `images_log`
  ADD CONSTRAINT `images_log_ibfk_1` FOREIGN KEY (`modifiedBy`) REFERENCES `users` (`id`);

--
-- Constraints for table `ingredient_log`
--
ALTER TABLE `ingredient_log`
  ADD CONSTRAINT `ingredient_log_ibfk_1` FOREIGN KEY (`modifiedBy`) REFERENCES `users` (`id`),
  ADD CONSTRAINT `ingredient_log_ibfk_2` FOREIGN KEY (`imageId`) REFERENCES `images` (`id`);

--
-- Constraints for table `menu`
--
ALTER TABLE `menu`
  ADD CONSTRAINT `menu_ibfk_1` FOREIGN KEY (`allergenId`) REFERENCES `menu_allergen` (`id`),
  ADD CONSTRAINT `menu_ibfk_2` FOREIGN KEY (`categoryId`) REFERENCES `menu_category` (`id`);

--
-- Constraints for table `menu_allergen_log`
--
ALTER TABLE `menu_allergen_log`
  ADD CONSTRAINT `menu_allergen_log_ibfk_1` FOREIGN KEY (`allergenId`) REFERENCES `menu_allergen` (`id`),
  ADD CONSTRAINT `menu_allergen_log_ibfk_2` FOREIGN KEY (`modifiedBy`) REFERENCES `users` (`id`);

--
-- Constraints for table `menu_category_log`
--
ALTER TABLE `menu_category_log`
  ADD CONSTRAINT `menu_category_log_ibfk_1` FOREIGN KEY (`modifiedBy`) REFERENCES `users` (`id`),
  ADD CONSTRAINT `menu_category_log_ibfk_2` FOREIGN KEY (`menuCategoryId`) REFERENCES `menu_category` (`id`);

--
-- Constraints for table `menu_ingredient`
--
ALTER TABLE `menu_ingredient`
  ADD CONSTRAINT `menu_ingredient_ibfk_1` FOREIGN KEY (`menuId`) REFERENCES `menu` (`id`),
  ADD CONSTRAINT `menu_ingredient_ibfk_2` FOREIGN KEY (`ingredientId`) REFERENCES `ingredient` (`id`);

--
-- Constraints for table `menu_ingredient_log`
--
ALTER TABLE `menu_ingredient_log`
  ADD CONSTRAINT `menu_ingredient_log_ibfk_1` FOREIGN KEY (`ingredientId`) REFERENCES `ingredient` (`id`),
  ADD CONSTRAINT `menu_ingredient_log_ibfk_2` FOREIGN KEY (`menuId`) REFERENCES `menu` (`id`),
  ADD CONSTRAINT `menu_ingredient_log_ibfk_3` FOREIGN KEY (`menuIngredientId`) REFERENCES `menu_ingredient` (`id`),
  ADD CONSTRAINT `menu_ingredient_log_ibfk_4` FOREIGN KEY (`modifiedBy`) REFERENCES `users` (`id`);

--
-- Constraints for table `menu_log`
--
ALTER TABLE `menu_log`
  ADD CONSTRAINT `menu_log_ibfk_1` FOREIGN KEY (`allergenId`) REFERENCES `menu_allergen` (`id`),
  ADD CONSTRAINT `menu_log_ibfk_2` FOREIGN KEY (`categoryId`) REFERENCES `menu_category` (`id`),
  ADD CONSTRAINT `menu_log_ibfk_3` FOREIGN KEY (`imageId`) REFERENCES `images` (`id`),
  ADD CONSTRAINT `menu_log_ibfk_4` FOREIGN KEY (`menuId`) REFERENCES `menu` (`id`),
  ADD CONSTRAINT `menu_log_ibfk_5` FOREIGN KEY (`modifiedBy`) REFERENCES `users` (`id`);

--
-- Constraints for table `orders`
--
ALTER TABLE `orders`
  ADD CONSTRAINT `orders_ibfk_1` FOREIGN KEY (`tableId`) REFERENCES `customer_table` (`id`),
  ADD CONSTRAINT `orders_ibfk_2` FOREIGN KEY (`menuId`) REFERENCES `menu` (`id`);
COMMIT;

/*!40101 SET CHARACTER_SET_CLIENT=@OLD_CHARACTER_SET_CLIENT */;
/*!40101 SET CHARACTER_SET_RESULTS=@OLD_CHARACTER_SET_RESULTS */;
/*!40101 SET COLLATION_CONNECTION=@OLD_COLLATION_CONNECTION */;
